Date,SPY,QQQ,BND,VTI,VWO,VEA
2015-01-02,170.12496948242188,94.66506958007812,59.6035041809082,87.81743621826172,28.644439697265625,26.925586700439453
2015-01-05,167.05258178710938,93.27643585205078,59.77656555175781,86.30846405029297,28.188268661499023,26.32549476623535
2015-01-06,165.47911071777344,92.02580261230469,59.949668884277344,85.46280670166016,28.050701141357422,26.0325984954834
2015-01-07,167.54116821289062,93.21208190917969,59.985721588134766,86.48257446289062,28.695127487182617,26.311214447021484
2015-01-08,170.51419067382812,94.99612426757812,59.89198303222656,88.00811004638672,29.18024444580078,26.711275100708008
2015-01-09,169.14779663085938,94.37077331542969,59.9929313659668,87.27851104736328,29.035430908203125,26.582679748535156
2015-01-12,167.82276916503906,93.38683319091797,60.072265625,86.65668487548828,28.77476692199707,26.554105758666992
2015-01-13,167.35072326660156,93.35919952392578,60.12995529174805,86.45770263671875,28.977502822875977,26.682695388793945
2015-01-14,166.3404083251953,92.84423065185547,60.26695251464844,85.98511505126953,28.8689022064209,26.61125946044922
2015-01-15,164.8166046142578,91.63951110839844,60.533790588378906,85.11456298828125,28.95578956604004,26.761281967163086
2015-01-16,166.97808837890625,92.71549987792969,60.35354232788086,86.24212646484375,29.24542236328125,27.054180145263672
2015-01-20,167.3341827392578,93.451171875,60.28860855102539,86.36653137207031,29.144052505493164,27.175626754760742
2015-01-21,168.1788787841797,93.92935180664062,60.173248291015625,86.75617980957031,29.79571533203125,27.37565803527832
2015-01-22,170.67982482910156,95.66747283935547,60.18766784667969,88.07442474365234,30.425657272338867,27.475683212280273
2015-01-23,169.74404907226562,95.87896728515625,60.38233947753906,87.67648315429688,30.164989471435547,27.311372756958008
2015-01-26,170.14158630371094,95.76862335205078,60.31024932861328,88.04126739501953,30.201204299926758,27.67571449279785
2015-01-27,167.89732360839844,93.28564453125,60.346309661865234,87.0131607055664,30.041908264160156,27.697141647338867
2015-01-28,165.7440643310547,92.80746459960938,60.562652587890625,85.83587646484375,29.687105178833008,27.332796096801758
2015-01-29,167.2761993408203,93.69947052001953,60.49776077270508,86.65668487548828,29.716064453125,27.704280853271484
2015-01-30,165.17276000976562,92.9729995727539,60.8294792175293,85.47937774658203,28.919586181640625,27.254209518432617
2015-02-02,167.21824645996094,93.7822265625,60.75721740722656,86.44114685058594,29.43368911743164,27.611427307128906
2015-02-03,169.6363983154297,94.68344116210938,60.56937026977539,87.76768493652344,29.955015182495117,28.004329681396484
2015-02-04,168.990478515625,94.60067749023438,60.59102249145508,87.46092224121094,29.752275466918945,27.804296493530273
2015-02-05,170.69642639160156,95.4191665649414,60.46091842651367,88.42266845703125,29.97673988342285,28.09719467163086
2015-02-06,170.224365234375,94.83980560302734,60.07072067260742,88.15733337402344,29.4843692779541,27.761442184448242
2015-02-09,169.46250915527344,94.53631591796875,60.049076080322266,87.71793365478516,29.44815444946289,27.632841110229492
2015-02-10,171.26783752441406,96.0076904296875,59.9406852722168,88.61334228515625,29.397470474243164,27.86859703063965
2015-02-11,171.3671875,96.35716247558594,59.9406852722168,88.65479278564453,29.267135620117188,27.718570709228516
2015-02-12,173.0151824951172,97.47906494140625,59.96953201293945,89.50878143310547,29.947769165039062,28.147207260131836
2015-02-13,173.72743225097656,98.31592559814453,59.83226776123047,89.9316177368164,30.251888275146484,28.347238540649414
2015-02-17,174.00070190429688,98.40791320800781,59.59379959106445,90.07254791259766,30.157766342163086,28.41153907775879
2015-02-18,174.0172576904297,98.54585266113281,59.76002502441406,90.12227630615234,30.186723709106445,28.604429244995117
2015-02-19,173.89300537109375,99.03325653076172,59.70942306518555,90.09744262695312,30.092599868774414,28.618703842163086
2015-02-20,174.9365234375,99.6953353881836,59.7238655090332,90.60315704345703,30.24464225769043,28.90447235107422
2015-02-23,174.91163635253906,99.79651641845703,59.84672164916992,90.59490203857422,29.955015182495117,28.790172576904297
2015-02-24,175.40853881835938,99.8700942993164,60.09242630004883,90.8021469116211,30.367740631103516,28.96161651611328
2015-02-25,175.25946044921875,99.62178039550781,60.15025329589844,90.76898193359375,30.266355514526367,28.99020004272461
2015-02-26,175.052490234375,100.12757110595703,59.98401641845703,90.71096801757812,30.24464225769043,28.91162109375
2015-02-27,174.45619201660156,99.68616485595703,60.03458786010742,90.38761138916016,30.266355514526367,28.93303680419922
2015-03-02,175.55760192871094,100.58736419677734,59.840545654296875,90.94308471679688,30.222919464111328,28.975914001464844
2015-03-03,174.83709716796875,100.11837005615234,59.76816940307617,90.56999206542969,29.947769165039062,28.81159782409668
2015-03-04,174.10009765625,99.7321548461914,59.76816940307617,90.20518493652344,29.600223541259766,28.683000564575195
2015-03-05,174.29054260253906,99.9068603515625,59.80437088012695,90.34616088867188,29.54228973388672,28.775875091552734
2015-03-06,171.8392333984375,98.77576446533203,59.45686340332031,89.09420776367188,29.064409255981445,28.390100479125977
2015-03-09,172.5514678955078,99.06085205078125,59.52922439575195,89.42583465576172,28.948562622070312,28.404399871826172
2015-03-10,169.75234985351562,97.22158813476562,59.76089859008789,88.06616973876953,28.347562789916992,27.811443328857422
2015-03-11,169.35482788085938,96.6606216430664,59.82607650756836,87.99981689453125,28.5720272064209,27.882875442504883
2015-03-12,171.5079803466797,97.29517364501953,59.869503021240234,89.10253143310547,28.7313289642334,28.225786209106445
2015-03-13,170.4562530517578,96.87214660644531,59.811614990234375,88.60507202148438,28.383773803710938,28.054336547851562
2015-03-16,172.733642578125,98.12279510498047,59.92746353149414,89.71604919433594,28.71684455871582,28.36867904663086
2015-03-17,172.22024536132812,98.2791519165039,59.978111267089844,89.54191589355469,28.89788055419922,28.340097427368164
2015-03-18,174.29054260253906,99.24474334716797,60.34739685058594,90.56999206542969,29.643661499023438,28.925905227661133
2015-03-19,173.49557495117188,99.39185333251953,60.1663818359375,90.24665832519531,29.122329711914062,28.575849533081055
2015-03-20,175.02696228027344,100.0352783203125,60.325679779052734,91.00114440917969,29.4843692779541,29.19022560119629
2015-03-23,174.6859130859375,99.8416748046875,60.35456466674805,90.8436050415039,29.571250915527344,29.325965881347656
2015-03-24,173.70431518554688,99.48223114013672,60.45596694946289,90.36271667480469,29.687105178833008,29.297388076782227
2015-03-25,171.158935546875,97.2055435180664,60.36186218261719,88.95332336425781,29.172842025756836,29.14024543762207
2015-03-26,170.75131225585938,96.87372589111328,60.1663818359375,88.77842712402344,29.006017684936523,28.903440475463867
2015-03-27,171.1422882080078,97.26079559326172,60.22428512573242,89.01998901367188,29.07129669189453,28.968034744262695
2015-03-30,173.2301483154297,98.37615966796875,60.29669189453125,90.15281677246094,29.666072845458984,28.989566802978516
2015-03-31,171.71624755859375,97.33457946777344,60.36186218261719,89.33651733398438,29.644315719604492,28.58054542541504
2015-04-01,171.1090087890625,96.82765197753906,60.60207748413086,89.1699447631836,30.04323959350586,28.781452178955078
2015-04-02,171.72457885742188,96.89216613769531,60.52225112915039,89.45311737060547,30.507457733154297,28.996732711791992
2015-04-06,172.88082885742188,97.6848373413086,60.57303237915039,90.06952667236328,30.877370834350586,29.27657127380371
2015-04-07,172.4232940673828,97.51893615722656,60.609317779541016,89.76963806152344,30.804838180541992,29.27657127380371
2015-04-08,173.00555419921875,98.29318237304688,60.56574630737305,90.15281677246094,31.428627014160156,29.41291046142578
2015-04-09,173.77084350585938,98.91075897216797,60.435142517089844,90.4693603515625,31.834810256958008,29.455965042114258
2015-04-10,174.7191619873047,99.31629943847656,60.4061164855957,90.89418029785156,31.769540786743164,29.51336669921875
2015-04-13,173.92893981933594,99.06743621826172,60.420658111572266,90.5359878540039,31.66073989868164,29.355510711669922
2015-04-14,174.26168823242188,98.78170013427734,60.529518127441406,90.66925811767578,31.747770309448242,29.57796859741211
2015-04-15,175.04359436035156,99.39924621582031,60.587562561035156,91.12740325927734,31.936372756958008,29.714290618896484
2015-04-16,174.99368286132812,99.26100158691406,60.57303237915039,91.08576202392578,32.226505279541016,29.786046981811523
2015-04-17,172.98060607910156,97.7125015258789,60.674625396728516,90.02787017822266,31.566452026367188,29.4272518157959
2015-04-20,174.56117248535156,99.17806243896484,60.609317779541016,90.76089477539062,31.464889526367188,29.47749900817871
2015-04-21,174.35316467285156,99.60204315185547,60.53675079345703,90.73590850830078,31.711509704589844,29.728635787963867
2015-04-22,175.20997619628906,100.14584350585938,60.311798095703125,91.11906433105469,32.0814323425293,29.793222427368164
2015-04-23,175.65086364746094,100.52375030517578,60.42790222167969,91.40230560302734,32.240989685058594,29.922391891479492
2015-04-24,176.0584716796875,101.88792419433594,60.52225112915039,91.50224304199219,32.400569915771484,30.087430953979492
2015-04-27,175.32643127441406,101.62982940673828,60.47871017456055,91.02741241455078,32.538394927978516,30.202232360839844
2015-04-28,175.8837432861328,101.42706298828125,60.29003143310547,91.26899719238281,32.61817932128906,30.252460479736328
2015-04-29,175.16004943847656,100.79108428955078,60.10131072998047,90.86917877197266,32.27002716064453,29.986967086791992
2015-04-30,173.40492248535156,99.20568084716797,60.16663360595703,89.88626861572266,31.842065811157227,29.685583114624023
2015-05-01,175.28482055664062,100.51455688476562,59.98417663574219,90.71089172363281,32.03065872192383,29.93674087524414
2015-05-04,175.7838897705078,100.68046569824219,59.89693832397461,91.02741241455078,32.19022750854492,29.965444564819336
2015-05-05,173.77084350585938,99.03977966308594,59.8023567199707,89.94457244873047,31.8565731048584,29.51336669921875
2015-05-06,173.05543518066406,98.35769653320312,59.63517761230469,89.69468688964844,31.43587875366211,29.57796859741211
2015-05-07,173.74598693847656,98.9476089477539,59.75871276855469,90.03620147705078,31.392353057861328,29.47749900817871
2015-05-08,176.03346252441406,100.18274688720703,59.91874694824219,91.16902923583984,31.871074676513672,30.116132736206055
2015-05-11,175.19334411621094,99.79559326171875,59.606109619140625,90.78587341308594,31.566452026367188,29.850629806518555
2015-05-12,174.66921997070312,99.34394836425781,59.53337097167969,90.51933288574219,31.479398727416992,29.850629806518555
2015-05-13,174.7025146484375,99.54674530029297,59.504276275634766,90.56929779052734,31.55917739868164,30.065902709960938
2015-05-14,176.5242919921875,101.0030746459961,59.62057876586914,91.46890258789062,31.8565731048584,30.424680709838867
2015-05-15,176.71560668945312,101.0030746459961,59.860557556152344,91.57720947265625,32.1829719543457,30.460548400878906
2015-05-18,177.26461791992188,101.44551086425781,59.642433166503906,91.91871643066406,31.871074676513672,30.360095977783203
2015-05-19,177.20640563964844,101.33491516113281,59.51151657104492,91.8770751953125,31.94361114501953,30.24529266357422
2015-05-20,177.0816192626953,101.3993911743164,59.51151657104492,91.81877136230469,31.900089263916016,30.302701950073242
2015-05-21,177.59739685058594,101.92481231689453,59.70061492919922,92.05201721191406,31.805797576904297,30.46772575378418
2015-05-22,177.17306518554688,101.82341766357422,59.66422653198242,91.8770751953125,31.88559341430664,30.281166076660156
2015-05-26,175.2681121826172,100.6528091430664,59.80964660644531,90.91914367675781,31.414113998413086,29.77170181274414
2015-05-27,176.93185424804688,102.2750244140625,59.83873748779297,91.75213623046875,31.493925094604492,30.022842407226562
2015-05-28,176.73223876953125,102.04461669921875,59.846004486083984,91.6688461303711,31.051454544067383,29.958251953125
2015-05-29,175.63421630859375,101.43628692626953,59.8677864074707,91.05244445800781,30.710533142089844,29.671234130859375
2015-06-01,175.9918975830078,101.77732849121094,59.66816711425781,91.27733612060547,30.688785552978516,29.59949493408203
2015-06-02,175.8172149658203,101.45469665527344,59.500640869140625,91.21068572998047,30.797578811645508,29.6999454498291
2015-06-03,176.28305053710938,101.75885009765625,59.23837661743164,91.5272216796875,30.64527130126953,29.872161865234375
2015-06-04,174.79403686523438,100.98462677001953,59.38407516479492,90.7942123413086,30.195571899414062,29.527719497680664
2015-06-05,174.49459838867188,100.7449951171875,59.150943756103516,90.71923065185547,30.050493240356445,29.204824447631836
2015-06-08,173.42149353027344,99.72187805175781,59.22377395629883,90.16117095947266,30.03598976135254,29.176122665405273
2015-06-09,173.39649963378906,99.55594635009766,59.04891586303711,90.08617401123047,29.818387985229492,29.01108741760254
2015-06-10,175.47616577148438,100.92011260986328,58.92505645751953,91.18568420410156,30.253583908081055,29.613832473754883
2015-06-11,176.04177856445312,101.06758117675781,59.20193099975586,91.44390869140625,30.13027572631836,29.6999454498291
2015-06-12,174.69422912597656,100.23802185058594,59.15822219848633,90.84419250488281,30.13753890991211,29.463151931762695
2015-06-15,173.94561767578125,99.74030303955078,59.16547775268555,90.42769622802734,29.83289909362793,29.27657127380371
2015-06-16,174.8938446044922,100.28411865234375,59.3184814453125,90.92748260498047,29.898178100585938,29.269407272338867
2015-06-17,175.1767120361328,100.5606460571289,59.340328216552734,91.07743072509766,30.08675765991211,29.190471649169922
2015-06-18,176.9984130859375,102.02616882324219,59.296630859375,91.97703552246094,30.35513687133789,29.470314025878906
2015-06-19,176.21267700195312,101.52178192138672,59.46419906616211,91.57720947265625,30.079505920410156,29.405733108520508
2015-06-22,177.1154327392578,102.27007293701172,59.1800537109375,92.13528442382812,30.471189498901367,29.915205001831055
2015-06-23,177.24081420898438,102.35321044921875,59.04164123535156,92.2269058227539,30.746824264526367,30.022842407226562
2015-06-24,175.9535369873047,101.82664489746094,59.150943756103516,91.5272216796875,30.58723258972168,29.778871536254883
2015-06-25,175.41856384277344,101.62340545654297,59.07080078125,91.24402618408203,30.47844123840332,29.77170181274414
2015-06-26,175.3851776123047,100.94898986816406,58.96151351928711,91.1921615600586,30.197324752807617,29.744821548461914
2015-06-29,171.7072296142578,98.56546020507812,59.26014709472656,89.2848129272461,29.531158447265625,28.851158142089844
2015-06-30,172.06671142578125,98.91650390625,59.20193099975586,89.52738952636719,29.926467895507812,28.807565689086914
2015-07-01,173.44590759277344,99.70178985595703,59.05811309814453,90.11300659179688,29.926467895507812,28.9964656829834
2015-07-02,173.28707885742188,99.72952270507812,59.204132080078125,89.99589538574219,30.065561294555664,29.06912612915039
2015-07-06,172.79391479492188,99.49854278564453,59.408531188964844,89.76166534423828,29.231019973754883,28.47336196899414
2015-07-07,173.88055419921875,99.74797058105469,59.466915130615234,90.25521850585938,28.784465789794922,28.466094970703125
2015-07-08,170.96336364746094,98.0111312866211,59.63484191894531,88.74940490722656,27.722978591918945,27.7758731842041
2015-07-09,171.2726287841797,97.95569610595703,59.43771743774414,88.9334487915039,28.286657333374023,28.226335525512695
2015-07-10,173.42918395996094,99.45233154296875,59.16028594970703,90.01260375976562,29.084590911865234,29.083669662475586
2015-07-13,175.3433837890625,101.19842529296875,59.02159118652344,91.03323364257812,29.267620086669922,29.207168579101562
2015-07-14,176.10398864746094,101.86357116699219,59.131103515625,91.44312286376953,29.3408260345459,29.410594940185547
2015-07-15,176.04547119140625,101.97445678710938,59.29899978637695,91.32599639892578,28.982120513916016,29.294353485107422
2015-07-16,177.45814514160156,103.4156723022461,59.29899978637695,91.96176147460938,29.32617950439453,29.5413875579834
2015-07-17,177.6085968017578,104.9399642944336,59.30629348754883,91.98686218261719,29.318864822387695,29.49778175354004
2015-07-20,177.70053100585938,105.30030059814453,59.22597885131836,91.99520874023438,29.135847091674805,29.563180923461914
2015-07-21,176.9984130859375,105.23562622070312,59.33549880981445,91.59370422363281,29.143169403076172,29.483274459838867
2015-07-22,176.6807861328125,104.04387664794922,59.35744094848633,91.4598617553711,28.75518035888672,29.23623275756836
2015-07-23,175.6860809326172,103.65587615966797,59.49615478515625,90.93283081054688,28.51359748840332,29.14179039001465
2015-07-24,173.8638153076172,102.63961029052734,59.532623291015625,89.9791488647461,28.103649139404297,28.82936668395996
2015-07-27,172.8524627685547,101.78971099853516,59.649410247802734,89.38520812988281,27.47408103942871,28.64772605895996
2015-07-28,174.9756317138672,102.66732025146484,59.5472526550293,90.44761657714844,27.737627029418945,29.003734588623047
2015-07-29,176.17926025390625,103.05537414550781,59.49615478515625,91.06668853759766,27.993850708007812,29.105457305908203
2015-07-30,176.22100830078125,103.54500579833984,59.51799392700195,91.14196014404297,27.81814193725586,29.090925216674805
2015-07-31,175.9535369873047,103.42487335205078,59.722434997558594,91.0499267578125,28.05240249633789,29.22896957397461
2015-08-03,175.36007690429688,103.1015625,59.86066436767578,90.7236557006836,27.591201782226562,29.14179039001465
2015-08-04,175.01736450195312,102.90751647949219,59.65584945678711,90.5731201171875,27.679054260253906,29.170841217041016
2015-08-05,175.59413146972656,103.7020492553711,59.560760498046875,90.87425231933594,27.70833969116211,29.32341766357422
2015-08-06,174.1564178466797,102.03911590576172,59.59733200073242,90.12974548339844,27.51068115234375,29.19264030456543
2015-08-07,173.822021484375,101.90979766845703,59.72169494628906,89.87040710449219,27.48140525817871,29.16357421875
2015-08-10,176.0120391845703,103.07380676269531,59.59733200073242,90.99136352539062,27.949920654296875,29.51959228515625
2015-08-11,174.42385864257812,101.75273132324219,59.824100494384766,90.17156982421875,27.349639892578125,29.054603576660156
2015-08-12,174.63287353515625,102.1037826538086,59.80218505859375,90.26360321044922,26.925039291381836,28.86569595336914
2015-08-13,174.4155731201172,101.93749237060547,59.67778778076172,90.13807678222656,26.8737850189209,28.858417510986328
2015-08-14,175.05075073242188,102.09455108642578,59.65584945678711,90.48110961914062,26.954315185546875,28.909284591674805
2015-08-17,176.02882385253906,102.94449615478516,59.76557922363281,91.05828857421875,26.668819427490234,28.851158142089844
2015-08-18,175.51885986328125,102.41788482666016,59.65584945678711,90.82408142089844,26.36135482788086,28.625938415527344
2015-08-19,174.1313018798828,101.74347686767578,59.867977142333984,90.01260375976562,26.002653121948242,28.393442153930664
2015-08-20,170.49526977539062,98.92577362060547,59.91923904418945,88.0550765991211,25.607341766357422,27.695951461791992
2015-08-21,165.36293029785156,94.60211181640625,60.014305114746094,85.5203628540039,24.787433624267578,26.99847984313965
2015-08-24,158.4000244140625,90.96215057373047,59.99967575073242,82.08213806152344,23.564899444580078,26.090286254882812
2015-08-25,156.53598022460938,90.62035369873047,59.80218505859375,81.10338592529297,23.88700294494629,26.351842880249023
2015-08-26,162.5459747314453,95.18415832519531,59.54610061645508,84.04804992675781,24.714231491088867,27.034799575805664
2015-08-27,166.56658935546875,97.59541320800781,59.626583099365234,86.08081817626953,25.709823608398438,27.390810012817383
2015-08-28,166.5749053955078,97.57694244384766,59.65584945678711,86.14775085449219,25.33648109436035,27.318161010742188
2015-08-31,165.22918701171875,96.3666763305664,59.57539367675781,85.50360107421875,25.28523063659668,27.114709854125977
2015-09-01,160.2974090576172,93.35492706298828,59.720516204833984,82.99397277832031,24.29695701599121,26.22832679748535
2015-09-02,163.34005737304688,95.98789978027344,59.67654037475586,84.55833435058594,24.66298484802246,26.635196685791016
2015-09-03,163.4571075439453,95.51675415039062,59.720516204833984,84.65869903564453,24.772798538208008,26.67151641845703
2015-09-04,160.9828643798828,94.38043212890625,59.86717987060547,83.4540786743164,23.996816635131836,26.075763702392578
2015-09-08,165.02857971191406,97.04108428955078,59.720516204833984,85.56219482421875,24.802078247070312,26.83135986328125
2015-09-09,162.82177734375,95.95095825195312,59.70588684082031,84.3909912109375,24.66298484802246,26.72965431213379
2015-09-10,163.70787048339844,96.9948959350586,59.58124923706055,84.82601928710938,24.845991134643555,26.90401268005371
2015-09-11,164.45181274414062,97.53072357177734,59.70588684082031,85.21085357666016,24.94116973876953,26.896760940551758
2015-09-14,163.84158325195312,97.235107421875,59.720516204833984,84.88457489013672,24.94116973876953,26.70058822631836
2015-09-15,165.88951110839844,98.38068389892578,59.47130584716797,85.95533752441406,25.197383880615234,26.896760940551758
2015-09-16,167.32725524902344,98.93498229980469,59.43465042114258,86.68315887451172,25.78303337097168,27.281824111938477
2015-09-17,166.95106506347656,98.97193908691406,59.771827697753906,86.5660629272461,25.78303337097168,27.296356201171875
2015-09-18,164.22286987304688,97.56427764892578,59.94041061401367,85.19408416748047,25.153467178344727,26.64246368408203
2015-09-21,165.0714874267578,97.86990356445312,59.720516204833984,85.53707885742188,25.212026596069336,26.64246368408203
2015-09-22,162.9289093017578,96.40665435791016,59.83051300048828,84.3909912109375,24.721553802490234,26.01763153076172
2015-09-23,162.66842651367188,96.480712890625,59.83051300048828,84.22370147705078,24.34819793701172,25.894119262695312
2015-09-24,162.08030700683594,96.12882232666016,59.85246276855469,83.92252349853516,24.304279327392578,25.806928634643555
2015-09-25,162.03829956054688,95.31385803222656,59.74254608154297,83.752685546875,24.259746551513672,26.04482650756836
2015-09-28,157.97152709960938,92.60037994384766,59.89643859863281,81.50774383544922,23.718008041381836,25.541305541992188
2015-09-29,158.06398010253906,92.11882781982422,59.94041061401367,81.49093627929688,23.91095542907715,25.490222930908203
2015-09-30,161.0131378173828,94.23961639404297,60.057716369628906,83.00438690185547,24.556598663330078,26.00834083557129
2015-10-01,161.43325805664062,94.66559600830078,60.09003829956055,83.17253112792969,24.63823127746582,26.08132553100586
2015-10-02,163.84474182128906,96.32332611083984,60.3177490234375,84.38331604003906,25.283870697021484,26.511877059936523
2015-10-05,166.76034545898438,97.70319366455078,60.08271408081055,85.93879699707031,25.78850555419922,27.044591903686523
2015-10-06,166.1890106201172,97.24014282226562,60.1634635925293,85.66130065917969,25.721712112426758,27.073776245117188
2015-10-07,167.55014038085938,97.8236083984375,60.1634635925293,86.43486022949219,26.359939575195312,27.394872665405273
2015-10-08,169.06263732910156,98.21255493164062,60.068023681640625,87.18318176269531,26.70130729675293,27.621095657348633
2015-10-09,169.1634063720703,98.65706634521484,60.060672760009766,87.30091857910156,26.73099136352539,27.679475784301758
2015-10-12,169.3231201171875,98.8978271484375,60.1634635925293,87.3177261352539,26.58257293701172,27.62839126586914
2015-10-13,168.2559814453125,98.25885009765625,60.20024108886719,86.6787109375,26.107620239257812,27.300006866455078
2015-10-14,167.4493408203125,98.10140991210938,60.42057800292969,86.23307037353516,26.3079891204834,27.34379005432129
2015-10-15,170.02044677734375,99.71282958984375,60.30305862426758,87.53632354736328,26.909107208251953,27.84731674194336
2015-10-16,170.79348754882812,100.12957763671875,60.28102493286133,87.87264251708984,26.990732192993164,27.832721710205078
2015-10-19,170.87745666503906,100.7037582397461,60.28102493286133,87.97354888916016,26.716148376464844,27.71596908569336
2015-10-20,170.6590576171875,100.18514251708984,60.185543060302734,87.87264251708984,26.656780242919922,27.621095657348633
2015-10-21,169.6002960205078,99.57390594482422,60.29572296142578,87.18318176269531,26.2708797454834,27.599201202392578
2015-10-22,172.46548461914062,101.60208892822266,60.39854049682617,88.46121978759766,26.842302322387695,27.92758560180664
2015-10-23,174.35601806640625,104.44517517089844,60.24428939819336,89.38610076904297,27.020421981811523,28.18300437927246
2015-10-26,173.92750549316406,104.510009765625,60.310401916503906,89.17589569091797,26.716148376464844,28.08084487915039
2015-10-27,173.59144592285156,104.72301483154297,60.325077056884766,88.88164520263672,26.471250534057617,27.832721710205078
2015-10-28,175.56591796875,105.59351348876953,60.15616989135742,90.05030822753906,26.181825637817383,27.985973358154297
2015-10-29,175.465087890625,105.42684936523438,59.943119049072266,89.91581726074219,25.892412185668945,27.781639099121094
2015-10-30,174.7089080810547,104.95453643798828,60.075321197509766,89.57107543945312,25.855302810668945,27.75975799560547
2015-11-02,176.77589416503906,106.1399154663086,59.95685577392578,90.74819946289062,26.3450984954834,28.029756546020508
2015-11-03,177.2884521484375,106.51036834716797,59.853816986083984,90.97522735595703,26.6716251373291,28.029756546020508
2015-11-04,176.75067138671875,106.51961517333984,59.890621185302734,90.7566146850586,26.523193359375,27.84731674194336
2015-11-05,176.57420349121094,106.2325668334961,59.780147552490234,90.65572357177734,26.560302734375,27.81082534790039
2015-11-06,176.48179626464844,106.306640625,59.544700622558594,90.67253875732422,26.263458251953125,27.679475784301758
2015-11-09,174.8349609375,105.17681121826172,59.493160247802734,89.76445007324219,25.647506713867188,27.3875732421875
2015-11-10,175.2382354736328,104.90821075439453,59.55937576293945,89.96625518798828,25.580717086791992,27.380271911621094
2015-11-11,174.54928588867188,104.7785873413086,59.56674575805664,89.57947540283203,25.61039924621582,27.51163673400879
2015-11-12,172.1126251220703,103.75985717773438,59.57415008544922,88.24259948730469,25.34323501586914,27.183242797851562
2015-11-13,170.1800537109375,101.72245025634766,59.68456268310547,87.30931091308594,25.009288787841797,26.97162628173828
2015-11-16,172.7679901123047,103.1856918334961,59.68456268310547,88.57891082763672,25.5510196685791,27.29271125793457
2015-11-17,172.6419677734375,103.25049591064453,59.75078582763672,88.4696273803711,25.5213565826416,27.329193115234375
2015-11-18,175.38111877441406,105.23234558105469,59.72132110595703,89.88217163085938,25.721712112426758,27.5919132232666
2015-11-19,175.22987365722656,105.30647277832031,59.80228042602539,89.76445007324219,25.91465950012207,27.73785972595215
2015-11-20,175.86842346191406,106.01953125,59.78757858276367,90.1512451171875,26.137304306030273,27.679475784301758
2015-11-23,175.66677856445312,105.71392059326172,59.80964660644531,90.05875396728516,25.92209243774414,27.51163673400879
2015-11-24,175.90206909179688,105.62132263183594,59.83172607421875,90.294189453125,25.988882064819336,27.548133850097656
2015-11-25,175.87684631347656,105.71392059326172,59.8390998840332,90.36143493652344,25.78850555419922,27.5919132232666
2015-11-27,176.0784912109375,105.86210632324219,59.8685417175293,90.49598693847656,25.22449493408203,27.584609985351562
2015-11-30,175.34750366210938,105.59351348876953,59.8390998840332,90.10919189453125,25.2616024017334,27.548133850097656
2015-12-01,177.01947021484375,106.6492919921875,60.06550979614258,90.9583969116211,25.410030364990234,27.84731674194336
2015-12-02,175.2130584716797,105.99175262451172,59.99175262451172,90.0082778930664,25.157711029052734,27.55541229248047
2015-12-03,172.75955200195312,104.19513702392578,59.527099609375,88.66300201416016,25.083499908447266,27.4240665435791
2015-12-04,176.1289825439453,106.63078308105469,59.76311111450195,90.294189453125,25.179973602294922,27.621095657348633
2015-12-07,175.0618438720703,106.14918518066406,59.86640167236328,89.58787536621094,24.823759078979492,27.394872665405273
2015-12-08,173.88551330566406,106.15846252441406,59.8811149597168,89.04976654052734,24.526906967163086,26.97891616821289
2015-12-09,172.5327606201172,104.54705047607422,59.8590087890625,88.28466033935547,24.348800659179688,26.9205379486084
2015-12-10,172.9781036376953,105.01934051513672,59.85161590576172,88.54531860351562,24.103904724121094,26.913244247436523
2015-12-11,169.62550354003906,102.60223388671875,60.013912200927734,86.8048324584961,23.421159744262695,26.431602478027344
2015-12-14,170.48255920410156,103.38015747070312,59.73361587524414,87.11592102050781,23.807058334350586,26.489973068237305
2015-12-15,172.27223205566406,104.00991821289062,59.66725540161133,88.04920959472656,24.155851364135742,26.592144012451172
2015-12-16,174.79296875,105.55648803710938,59.6008415222168,89.32725524902344,24.564016342163086,27.13216781616211
2015-12-17,172.12937927246094,104.0191650390625,59.72623825073242,88.01559448242188,24.348800659179688,26.818376541137695
2015-12-18,169.06292724609375,102.02384185791016,59.8590087890625,86.51895141601562,24.22264289855957,26.53377342224121
2015-12-21,170.45751953125,103.15713500976562,59.79265213012695,87.2064208984375,24.39341926574707,26.7033748626709
2015-12-22,172.0043182373047,103.83523559570312,59.711490631103516,87.99282836914062,24.57985496520996,26.90160369873047
2015-12-23,174.13427734375,104.60625457763672,59.71890640258789,89.09210205078125,24.94527244567871,27.342132568359375
2015-12-24,173.84690856933594,104.58767700195312,59.763248443603516,88.98218536376953,24.87070083618164,27.268712997436523
2015-12-28,173.44964599609375,104.53191375732422,59.763248443603516,88.78770446777344,24.743921279907227,27.187950134277344
2015-12-29,175.30076599121094,106.1761245727539,59.5783576965332,89.73475646972656,24.729005813598633,27.474285125732422
2015-12-30,174.0581817626953,105.21935272216797,59.61530685424805,89.05829620361328,24.38596534729004,27.305431365966797
2015-12-31,172.3170623779297,103.9095458984375,59.73372268676758,88.19575500488281,24.39341926574707,26.960346221923828
2016-01-04,169.90811157226562,101.71730041503906,59.70412826538086,86.87661743164062,23.699874877929688,26.556529998779297
2016-01-05,170.19554138183594,101.54078674316406,59.77805709838867,87.07111358642578,23.752079010009766,26.527164459228516
2016-01-06,168.0486602783203,100.56544494628906,60.04431915283203,85.90418243408203,23.32699966430664,26.042585372924805
2016-01-07,164.0169219970703,97.41636657714844,60.051753997802734,83.79865264892578,22.57379913330078,25.550655364990234
2016-01-08,162.21658325195312,96.61749267578125,60.125694274902344,82.84313201904297,22.3724365234375,25.234935760498047
2016-01-11,162.37713623046875,96.91474151611328,59.87422561645508,82.79239654541016,22.275495529174805,25.345073699951172
2016-01-12,163.68722534179688,98.03874206542969,60.02956771850586,83.35894775390625,22.357524871826172,25.44786834716797
2016-01-13,159.60476684570312,94.657470703125,60.17746353149414,81.21112823486328,22.103975296020508,25.066078186035156
2016-01-14,162.22500610351562,96.67321014404297,60.10347366333008,82.45417022705078,22.38735580444336,25.359764099121094
2016-01-15,158.74264526367188,93.67279052734375,60.20708465576172,80.72068786621094,21.447710037231445,24.478700637817383
2016-01-19,158.9539337158203,93.87714385986328,60.13312530517578,80.6361312866211,21.746015548706055,24.69162940979004
2016-01-20,156.9169921875,93.58920288085938,60.19966125488281,79.84127807617188,21.291105270385742,24.126285552978516
2016-01-21,157.79595947265625,93.68209075927734,60.16266632080078,80.15413665771484,21.32839584350586,24.309829711914062
2016-01-22,161.03326416015625,96.39456176757812,60.140472412109375,81.86224365234375,22.051773071289062,25.014677047729492
2016-01-25,158.5989990234375,94.96398162841797,60.140472412109375,80.51776123046875,21.686355590820312,24.65491485595703
2016-01-26,160.76271057128906,95.81861114501953,60.229251861572266,81.74386596679688,21.99957275390625,25.102783203125
2016-01-27,159.01312255859375,93.4312973022461,60.229251861572266,80.81371307373047,21.857872009277344,24.941255569458008
2016-01-28,159.8414306640625,94.7503433227539,60.27360153198242,81.13504791259766,22.208375930786133,25.036699295043945
2016-01-29,163.73793029785156,96.72895812988281,60.45115280151367,83.14755249023438,22.99141502380371,25.46988296508789
2016-02-01,163.6787872314453,96.98907470703125,60.328125,83.16445922851562,22.760229110717773,25.418495178222656
2016-02-02,160.72898864746094,94.88968658447266,60.53561782836914,81.5578384399414,22.08160400390625,24.845809936523438
2016-02-03,161.69253540039062,94.43456268310547,60.580116271972656,82.04826354980469,22.67073631286621,25.066078186035156
2016-02-04,161.9461212158203,94.42520904541016,60.624603271484375,82.24275207519531,22.827350616455078,25.117467880249023
2016-02-05,158.86093139648438,91.1461410522461,60.565277099609375,80.55156707763672,22.58871078491211,24.743011474609375
2016-02-08,156.7225341796875,89.75274658203125,60.82472229003906,79.30009460449219,22.275495529174805,24.295148849487305
2016-02-09,156.73097229003906,89.47405242919922,60.81731033325195,79.1986312866211,21.992109298706055,24.03082275390625
2016-02-10,156.59576416015625,89.81776428222656,60.943302154541016,79.24935150146484,22.059226989746094,23.979440689086914
2016-02-11,154.55877685546875,89.68770599365234,60.9803581237793,78.2684326171875,21.738555908203125,23.663724899291992
2016-02-12,157.7452850341797,91.0532455444336,60.780235290527344,79.79052734375,22.096513748168945,24.03816795349121
2016-02-16,160.40774536132812,93.10613250732422,60.69126892089844,81.24494934082031,22.618541717529297,24.500730514526367
2016-02-17,163.02798461914062,95.21479797363281,60.67646408081055,82.5894546508789,23.08835792541504,24.941255569458008
2016-02-18,162.3602752685547,94.12796020507812,60.884002685546875,82.25968933105469,22.97650146484375,24.823787689208984
2016-02-19,162.2841796875,94.4066390991211,60.80250549316406,82.27657318115234,22.87955093383789,24.779727935791016
2016-02-22,164.6339111328125,95.93936157226562,60.81731033325195,83.47733306884766,23.446317672729492,25.08075523376465
2016-02-23,162.55465698242188,94.3602066040039,60.85438537597656,82.47109985351562,22.939207077026367,24.662260055541992
2016-02-24,163.29844665527344,95.26126098632812,60.898826599121094,82.89385986328125,22.939207077026367,24.588825225830078
2016-02-25,165.2762451171875,96.199462890625,60.98777770996094,83.87476348876953,22.97650146484375,24.882516860961914
2016-02-26,164.8958740234375,96.0787124633789,60.92849349975586,83.80711364746094,22.775148391723633,24.79441261291504
2016-02-29,163.60269165039062,95.21479797363281,60.965511322021484,83.13909149169922,22.916833877563477,24.68428611755371
2016-03-01,167.44851684570312,98.27098083496094,60.76130294799805,85.11778259277344,23.752079010009766,25.323049545288086
2016-03-02,168.20074462890625,98.30814361572266,60.72415542602539,85.59134674072266,24.11749267578125,25.499250411987305
2016-03-03,168.860107421875,98.12235260009766,60.75385284423828,86.01412200927734,24.378503799438477,25.77092170715332
2016-03-04,169.4095001220703,98.1595230102539,60.72415542602539,86.31007385253906,24.915441513061523,25.969160079956055
2016-03-07,169.544677734375,97.5556869506836,60.709312438964844,86.48766326904297,24.86324119567871,25.947126388549805
2016-03-08,167.6937255859375,96.74752807617188,60.909847259521484,85.41376495361328,24.430707931518555,25.66077995300293
2016-03-09,168.5220184326172,97.36992645263672,60.8058967590332,85.82807922363281,24.587322235107422,25.77092170715332
2016-03-10,168.6571807861328,97.2212905883789,60.776153564453125,85.80274200439453,24.52765464782715,25.748891830444336
2016-03-11,171.37884521484375,98.92123413085938,60.694461822509766,87.25715637207031,25.06459617614746,26.417028427124023
2016-03-14,171.1591339111328,99.08843231201172,60.82816696166992,87.15570068359375,24.922897338867188,26.35828971862793
2016-03-15,170.8801727294922,99.05127716064453,60.768707275390625,86.85836029052734,24.502328872680664,26.09059715270996
2016-03-16,171.8690643310547,99.93375396728516,61.00636672973633,87.40206146240234,25.017776489257812,26.36345863342285
2016-03-17,172.9594268798828,99.87804412841797,61.140037536621094,88.07320404052734,25.525747299194336,26.6068058013916
2016-03-18,173.63912963867188,100.03455352783203,61.19206619262695,88.46398162841797,25.697566986083984,26.562559127807617
2016-03-21,173.88546752929688,100.42585754394531,61.08063507080078,88.5489501953125,25.802154541015625,26.510942459106445
2016-03-22,173.7919921875,100.73332977294922,61.06583786010742,88.52345275878906,25.690093994140625,26.481441497802734
2016-03-23,172.6450958251953,99.90412139892578,61.19950485229492,87.80133056640625,25.294178009033203,26.193838119506836
2016-03-24,172.56861877441406,99.93207550048828,61.125247955322266,87.77587127685547,25.25682258605957,26.024232864379883
2016-03-28,172.67056274414062,99.79230499267578,61.15494918823242,87.83533477783203,25.32405662536621,26.186466217041016
2016-03-29,174.2677764892578,101.3947982788086,61.40746307373047,88.81231689453125,25.570568084716797,26.49618911743164
2016-03-30,175.03240966796875,101.8885726928711,61.385196685791016,89.15213012695312,25.861913681030273,26.69529914855957
2016-03-31,174.60763549804688,101.7395248413086,61.50399398803711,89.05020141601562,25.832027435302734,26.459320068359375
2016-04-01,175.79705810546875,102.82027435302734,61.57322692871094,89.61089324951172,25.906728744506836,26.164337158203125
2016-04-04,175.22784423828125,102.4289779663086,61.57322692871094,89.23709106445312,25.55562973022461,26.105344772338867
2016-04-05,173.47769165039062,101.44136810302734,61.684852600097656,88.37053680419922,25.07753562927246,25.618642807006836
2016-04-06,175.37222290039062,103.10910034179688,61.65507507324219,89.33902740478516,25.39875602722168,26.031604766845703
2016-04-07,173.27381896972656,101.62774658203125,61.85604476928711,88.26860046386719,24.868371963500977,25.662885665893555
2016-04-08,173.7410430908203,101.55319213867188,61.803932189941406,88.52345275878906,25.30164337158203,26.149593353271484
2016-04-11,173.33322143554688,101.18050384521484,61.79655456542969,88.2771224975586,25.6378116607666,26.17171859741211
2016-04-12,174.94747924804688,102.0283432006836,61.69975662231445,89.13513946533203,26.03372573852539,26.56993293762207
2016-04-13,176.71456909179688,103.33268737792969,61.736961364746094,90.18009948730469,26.519285202026367,26.99026870727539
2016-04-14,176.7230987548828,103.34199523925781,61.684852600097656,90.14612579345703,26.38482093811035,27.019771575927734
2016-04-15,176.52769470214844,103.0811538696289,61.82627487182617,90.1036376953125,26.227951049804688,26.946025848388672
2016-04-18,177.7681121826172,103.63082885742188,61.803932189941406,90.70683288574219,26.317596435546875,27.189382553100586
2016-04-19,178.32882690429688,102.99728393554688,61.84115982055664,90.96167755126953,26.720985412597656,27.661334991455078
2016-04-20,178.49876403808594,103.0811538696289,61.670021057128906,91.05513763427734,26.549169540405273,27.668724060058594
2016-04-21,177.5386962890625,103.09043884277344,61.595558166503906,90.60486602783203,26.257831573486328,27.506479263305664
2016-04-22,177.5386962890625,101.5345458984375,61.57322692871094,90.73230743408203,26.16071891784668,27.48436164855957
2016-04-25,177.2328338623047,101.5345458984375,61.4987907409668,90.51141357421875,25.951555252075195,27.366365432739258
2016-04-26,177.49624633789062,101.040771484375,61.40947723388672,90.75780487060547,26.257831573486328,27.4696102142334
2016-04-27,177.86155700683594,100.23020935058594,61.595558166503906,90.97866821289062,26.414705276489258,27.51385498046875
2016-04-28,176.24732971191406,99.0190200805664,61.707191467285156,90.1631088256836,26.145774841308594,27.159881591796875
2016-04-29,175.2958221435547,98.49725341796875,61.75185012817383,89.63639068603516,26.09349250793457,27.07139015197754
2016-05-02,176.6891326904297,99.42896270751953,61.64297866821289,90.33301544189453,26.026260375976562,27.300004959106445
2016-05-03,175.15135192871094,98.50662231445312,61.81451416015625,89.42400360107422,25.30164337158203,26.842782974243164
2016-05-04,174.17434692382812,97.873046875,61.836849212646484,88.89725494384766,24.943071365356445,26.518314361572266
2016-05-05,174.14036560058594,97.84507751464844,61.948726654052734,88.86327362060547,24.943071365356445,26.49618911743164
2016-05-06,174.77752685546875,98.36685180664062,61.91893768310547,89.1861343383789,25.00283432006836,26.55518341064453
2016-05-09,174.92198181152344,98.64634704589844,61.9636344909668,89.27955627441406,24.62184715270996,26.46670150756836
2016-05-10,177.09689331054688,99.99726104736328,61.9636344909668,90.3415298461914,25.11488151550293,26.857532501220703
2016-05-11,175.44020080566406,99.09354400634766,61.978553771972656,89.51744842529297,25.040184020996094,26.66580581665039
2016-05-12,175.49119567871094,98.65565490722656,61.98600387573242,89.48347473144531,24.995357513427734,26.64368438720703
2016-05-13,173.96197509765625,98.29228973388672,62.0531120300293,88.71036529541016,24.54714584350586,26.34870147705078
2016-05-16,175.67813110351562,99.52212524414062,61.91893768310547,89.5938949584961,24.831026077270508,26.673175811767578
2016-05-17,174.03839111328125,98.2736587524414,61.87417221069336,88.78681182861328,24.726430892944336,26.518314361572266
2016-05-18,174.0894012451172,98.62772369384766,61.58332061767578,88.77835845947266,24.532215118408203,26.49618911743164
2016-05-19,173.4861602783203,98.11526489257812,61.65043640136719,88.43002319335938,24.2333927154541,26.319198608398438
2016-05-20,174.58216857910156,99.19602966308594,61.65043640136719,89.10967254638672,24.502328872680664,26.562559127807617
2016-05-23,174.34426879882812,99.06559753417969,61.665313720703125,88.99922943115234,24.450031280517578,26.474069595336914
2016-05-24,176.60415649414062,101.05006408691406,61.63552474975586,90.18859100341797,24.741371154785156,26.79854393005371
2016-05-25,177.80203247070312,101.77681732177734,61.613128662109375,90.84275817871094,25.025239944458008,27.06401252746582
2016-05-26,177.8531036376953,102.07494354248047,61.71752166748047,90.82575225830078,25.189590454101562,27.123016357421875
2016-05-27,178.6177215576172,102.60596466064453,61.6951904296875,91.2335433959961,25.182113647460938,27.08614730834961
2016-05-31,178.27783203125,102.80162048339844,61.74739456176758,91.19108581542969,25.24934196472168,26.99026870727539
2016-06-01,178.64320373535156,102.81095123291016,61.76905822753906,91.43744659423828,25.226940155029297,26.97553253173828
2016-06-02,179.18690490722656,103.02523040771484,61.88864517211914,91.74327850341797,25.42864227294922,26.982912063598633
2016-06-03,178.6516876220703,102.54077911376953,62.277191162109375,91.4884033203125,25.82455825805664,27.196765899658203
2016-06-06,179.5607147216797,102.9134521484375,62.180030822753906,91.96417236328125,26.041194915771484,27.381122589111328
2016-06-07,179.8411102294922,102.65257263183594,62.18754577636719,92.142578125,26.295181274414062,27.587602615356445
2016-06-08,180.4272918701172,102.8295669555664,62.26222610473633,92.46540069580078,26.511816024780273,27.676082611083984
2016-06-09,180.1809539794922,102.66190338134766,62.322044372558594,92.27848815917969,26.21300506591797,27.329498291015625
2016-06-10,178.4733123779297,101.4972915649414,62.381778717041016,91.3270034790039,25.548158645629883,26.59204864501953
2016-06-13,177.09689331054688,100.64944458007812,62.39674377441406,90.57093048095703,25.226940155029297,26.20859146118164
2016-06-14,176.74859619140625,100.64944458007812,62.38928985595703,90.40788269042969,25.15399742126465,25.8363094329834
2016-06-15,176.50225830078125,100.36064147949219,62.53127670288086,90.31405639648438,25.387109756469727,26.008243560791016
2016-06-16,177.0289306640625,100.65876770019531,62.59849548339844,90.57856750488281,25.32695960998535,26.015714645385742
2016-06-17,176.36964416503906,99.47892761230469,62.50887680053711,90.27993774414062,25.43975830078125,26.262414932250977
2016-06-20,177.50546264648438,100.10480499267578,62.36682891845703,90.89430236816406,25.80823516845703,26.875431060791016
2016-06-21,178.0093536376953,100.42241668701172,62.28460693359375,91.09059143066406,26.003740310668945,27.08475112915039
2016-06-22,177.718994140625,100.17952728271484,62.30705261230469,90.88577270507812,26.041337966918945,27.039899826049805
2016-06-23,180.03335571289062,101.60881042480469,62.195011138916016,92.14012908935547,26.688051223754883,27.750093460083008
2016-06-24,173.5685272216797,97.42378234863281,62.546234130859375,88.78663635253906,25.176563262939453,25.477462768554688
2016-06-27,170.4599609375,95.49007415771484,62.86006164550781,87.02027130126953,24.913362503051758,24.984050750732422
2016-06-28,173.5343780517578,97.58258819580078,62.93480682373047,88.61598205566406,25.62774658203125,25.64940071105957
2016-06-29,176.48924255371094,99.31077575683594,62.912353515625,90.20310974121094,26.229341506958008,26.112899780273438
2016-06-30,178.89752197265625,100.45980072021484,62.99455261230469,91.44039154052734,26.492538452148438,26.434356689453125
2016-07-01,179.27328491210938,100.9642333984375,63.169803619384766,91.61962127685547,26.688051223754883,26.494165420532227
2016-07-05,177.9837646484375,100.34768676757812,63.386898040771484,90.93695831298828,26.16166114807129,25.970861434936523
2016-07-06,179.05126953125,101.16976928710938,63.49915313720703,91.49161529541016,26.16166114807129,25.978342056274414
2016-07-07,178.9402313232422,101.46868133544922,63.39439392089844,91.44894409179688,26.04886245727539,25.86619758605957
2016-07-08,181.604736328125,103.03807830810547,63.55909729003906,92.87394714355469,26.627891540527344,26.225040435791016
2016-07-11,182.24525451660156,103.62659454345703,63.371925354003906,93.25794982910156,26.845966339111328,26.583873748779297
2016-07-12,183.56895446777344,104.14972686767578,63.11732864379883,94.03446960449219,27.259559631347656,26.957660675048828
2016-07-13,183.54331970214844,103.89752197265625,63.229637145996094,93.9832763671875,27.214439392089844,26.935226440429688
2016-07-14,184.5681610107422,104.60746002197266,63.13234329223633,94.4355239868164,27.59043312072754,27.16698455810547
2016-07-15,184.3204803466797,104.43932342529297,62.93019485473633,94.33313751220703,27.492692947387695,27.032421112060547
2016-07-18,184.8157958984375,105.13059997558594,62.952632904052734,94.59765625,27.73331642150879,27.092220306396484
2016-07-19,184.62791442871094,104.74757385253906,63.0499382019043,94.40992736816406,27.492692947387695,26.875431060791016
2016-07-20,185.39651489257812,105.97135925292969,62.982601165771484,94.91338348388672,27.635557174682617,27.06980323791504
2016-07-21,184.6962127685547,105.7284927368164,63.057472229003906,94.53791046142578,27.56035614013672,27.00251579284668
2016-07-22,185.52464294433594,106.16751861572266,63.06496047973633,94.99016571044922,27.740827560424805,27.017473220825195
2016-07-25,185.02076721191406,106.17687225341797,63.02748489379883,94.74268341064453,27.515241622924805,26.972618103027344
2016-07-26,185.1061553955078,106.29827117919922,63.020023345947266,94.84510803222656,27.680675506591797,27.099700927734375
2016-07-27,184.9097442626953,107.03630828857422,63.20718765258789,94.7341537475586,27.718278884887695,27.219316482543945
2016-07-28,185.1232147216797,107.40997314453125,63.169803619384766,94.85367584228516,27.703235626220703,27.219316482543945
2016-07-29,185.4221649169922,107.64350128173828,63.371925354003906,95.07550048828125,27.853633880615234,27.533292770385742
2016-08-01,185.26841735839844,108.21332550048828,63.173091888427734,94.9475326538086,27.74835777282715,27.37631607055664
2016-08-02,184.08131408691406,107.39126586914062,63.11308670043945,94.23072814941406,27.59795379638672,27.241741180419922
2016-08-03,184.619384765625,107.74626159667969,63.11308670043945,94.58055877685547,27.74835777282715,27.1370792388916
2016-08-04,184.8157958984375,108.0545425415039,63.225650787353516,94.6915054321289,27.883710861206055,27.29405975341797
2016-08-05,186.327392578125,109.0914535522461,63.01557922363281,95.4765625,28.192026138305664,27.391258239746094
2016-08-08,186.2163543701172,108.97000122070312,63.0230712890625,95.41682434082031,28.372512817382812,27.480974197387695
2016-08-09,186.327392578125,109.22224426269531,63.203125,95.5021743774414,28.560503005981445,27.705238342285156
2016-08-10,185.86627197265625,108.9419937133789,63.285648345947266,95.22059631347656,28.492828369140625,27.802427291870117
2016-08-11,186.728759765625,109.40907287597656,63.120628356933594,95.69841003417969,28.823699951171875,28.011737823486328
2016-08-12,186.56651306152344,109.48377990722656,63.26316833496094,95.60456848144531,28.710895538330078,27.937000274658203
2016-08-15,187.10452270507812,109.95088195800781,63.15812683105469,95.95439147949219,29.026731491088867,28.056596755981445
2016-08-16,186.1394805908203,109.34365844726562,63.128116607666016,95.40829467773438,28.876344680786133,27.989322662353516
2016-08-17,186.48968505859375,109.53984069824219,63.225650787353516,95.52775573730469,28.771059036254883,27.989322662353516
2016-08-18,186.90811157226562,109.56787109375,63.29317855834961,95.826416015625,29.00417137145996,28.13136100769043
2016-08-19,186.6348419189453,109.53984069824219,63.165626525878906,95.68988800048828,28.831218719482422,27.922033309936523
2016-08-22,186.6262664794922,109.62393188476562,63.255653381347656,95.71546173095703,28.470258712768555,27.944473266601562
2016-08-23,187.00205993652344,109.8200912475586,63.285648345947266,95.97147369384766,28.32738494873047,28.064083099365234
2016-08-24,186.04556274414062,109.11011505126953,63.27815246582031,95.43392181396484,28.410097122192383,27.981840133666992
2016-08-25,185.91746520996094,108.9326171875,63.21064376831055,95.3741683959961,28.402584075927734,27.892133712768555
2016-08-26,185.56735229492188,109.0914535522461,63.05311584472656,95.17791748046875,28.176992416381836,27.697763442993164
2016-08-29,186.48109436035156,109.24092102050781,63.2706413269043,95.69841003417969,28.38754653930664,27.802427291870117
2016-08-30,186.17372131347656,108.88592529296875,63.218109130859375,95.54483032226562,28.342416763305664,27.74262046813965
2016-08-31,185.6442108154297,108.77384185791016,63.173091888427734,95.27176666259766,28.071706771850586,27.645431518554688
2016-09-01,185.65277099609375,109.0540771484375,63.260318756103516,95.32298278808594,28.22210693359375,27.877182006835938
2016-09-02,186.48968505859375,109.40907287597656,63.170166015625,95.80935668945312,28.650739669799805,28.161258697509766
2016-09-06,187.05325317382812,110.09098815917969,63.35801696777344,96.08240509033203,29.14704704284668,28.430391311645508
2016-09-07,187.03622436523438,110.15640258789062,63.36552810668945,96.21038055419922,29.109453201293945,28.430391311645508
2016-09-08,186.60919189453125,109.51182556152344,63.12502670288086,95.96292877197266,29.049291610717773,28.370594024658203
2016-09-09,182.1427459716797,106.75603485107422,62.84690475463867,93.57366943359375,28.13186264038086,27.77252197265625
2016-09-12,184.7560577392578,108.67108154296875,62.86943054199219,94.87924194335938,28.364992141723633,27.989322662353516
2016-09-13,182.10006713867188,107.69953155517578,62.689083099365234,93.39496612548828,27.65719223022461,27.39971160888672
2016-09-14,182.03172302246094,108.21332550048828,62.771732330322266,93.40354919433594,27.756128311157227,27.38469123840332
2016-09-15,183.8507843017578,109.89483642578125,62.824310302734375,94.36389923095703,28.197540283203125,27.62504005432129
2016-09-16,183.14007568359375,109.84239959716797,62.876976013183594,93.98661804199219,28.00728416442871,27.287046432495117
2016-09-19,183.17437744140625,109.36475372314453,62.83189392089844,94.12382507324219,28.243215560913086,27.467308044433594
2016-09-20,183.1829376220703,109.57078552246094,62.84690475463867,94.0809555053711,28.250823974609375,27.58748435974121
2016-09-21,185.2429962158203,110.6478042602539,63.027259826660156,95.16134643554688,28.935787200927734,28.11324691772461
2016-09-22,186.4102783203125,111.52808380126953,63.15507888793945,95.85588836669922,29.065166473388672,28.391151428222656
2016-09-23,185.38885498046875,110.81633758544922,63.14006423950195,95.30712127685547,28.68462371826172,28.12076187133789
2016-09-26,183.88682556152344,109.88921356201172,63.24529266357422,94.55256652832031,28.334545135498047,27.872900009155273
2016-09-27,185.02842712402344,110.97555541992188,63.32044219970703,95.09275817871094,28.631362915039062,28.008098602294922
2016-09-28,185.94677734375,111.16284942626953,63.32044219970703,95.65011596679688,28.91295623779297,28.255958557128906
2016-09-29,184.2644805908203,110.35745239257812,63.32799530029297,94.7154769897461,28.433469772338867,27.91046905517578
2016-09-30,185.65496826171875,111.18157958984375,63.24529266357422,95.46145629882812,28.63897705078125,28.098230361938477
2016-10-03,185.20863342285156,111.02236938476562,63.17830276489258,95.16993713378906,28.82923698425293,28.045656204223633
2016-10-04,184.2644805908203,110.85382080078125,62.9673957824707,94.74119567871094,28.540021896362305,27.963031768798828
2016-10-05,185.0799102783203,111.24715423583984,62.86193084716797,95.10990905761719,28.973833084106445,28.11324691772461
2016-10-06,185.20863342285156,111.1909408569336,62.839393615722656,95.14420318603516,28.973833084106445,27.963031768798828
2016-10-07,184.5734405517578,110.94746398925781,62.892093658447266,94.78408813476562,28.87489891052246,27.78277587890625
2016-10-10,185.5347900390625,111.64984130859375,62.82427978515625,95.2985610961914,29.072782516479492,27.895431518554688
2016-10-11,183.19158935546875,110.05777740478516,62.726409912109375,94.02948760986328,28.532419204711914,27.489850997924805
2016-10-12,183.43191528320312,109.9641342163086,62.76406478881836,94.14096069335938,28.501985549926758,27.452299118041992
2016-10-13,182.8311004638672,109.57078552246094,62.839393615722656,93.80655670166016,28.32693099975586,27.377182006835938
2016-10-14,182.92547607421875,109.70189666748047,62.7113037109375,93.78083801269531,28.403045654296875,27.39971160888672
2016-10-17,182.29031372070312,109.4022216796875,62.84688186645508,93.51502227783203,28.349761962890625,27.35464859008789
2016-10-18,183.43191528320312,110.37617492675781,62.929718017578125,94.06380462646484,28.852067947387695,27.64757537841797
2016-10-19,183.92115783691406,110.36681365966797,62.97494125366211,94.36389923095703,29.004289627075195,27.745216369628906
2016-10-20,183.5778045654297,110.2356948852539,62.93724060058594,94.183837890625,28.966222763061523,27.745216369628906
2016-10-21,183.66368103027344,110.6478042602539,62.989952087402344,94.14956665039062,28.973833084106445,27.68512535095215
2016-10-24,184.44471740722656,111.97760009765625,62.899600982666016,94.62113952636719,29.118440628051758,27.64757537841797
2016-10-25,183.82675170898438,111.62175750732422,62.899600982666016,94.2181396484375,29.095605850219727,27.62504005432129
2016-10-26,183.4576873779297,110.8631591796875,62.78664779663086,93.93517303466797,28.88250732421875,27.489850997924805
2016-10-27,182.96839904785156,110.35745239257812,62.613426208496094,93.6178970336914,28.66179656982422,27.459800720214844
2016-10-28,182.4276580810547,109.6644515991211,62.58328628540039,93.30924224853516,28.501985549926758,27.444786071777344
2016-10-31,182.43617248535156,109.56143951416016,62.65105438232422,93.36927032470703,28.73029899597168,27.4222412109375
2016-11-01,181.11444091796875,108.73728942871094,62.63071060180664,92.67472839355469,28.517202377319336,27.347145080566406
2016-11-02,180.0243377685547,107.86634826660156,62.691070556640625,92.03160858154297,28.189939498901367,27.144351959228516
2016-11-03,179.20037841796875,106.80809783935547,62.65336990356445,91.62857055664062,28.121448516845703,27.129322052001953
2016-11-04,179.00294494628906,106.43352508544922,62.766578674316406,91.56858825683594,27.82463836669922,26.90399742126465
2016-11-07,182.95120239257812,108.96205139160156,62.683509826660156,93.59221649169922,28.76835060119629,27.272029876708984
2016-11-08,183.77529907226562,109.6738052368164,62.570335388183594,93.99519348144531,28.905344009399414,27.33962631225586
2016-11-09,185.7235870361328,110.17951202392578,61.95157241821289,95.16134643554688,28.14426612854004,27.294565200805664
2016-11-10,186.18711853027344,108.40019226074219,61.68745422363281,95.49578094482422,27.329933166503906,27.204437255859375
2016-11-11,185.75799560546875,108.447021484375,61.574283599853516,95.53009033203125,26.827621459960938,26.98661231994629
2016-11-14,185.90386962890625,107.35127258300781,61.340370178222656,95.77873992919922,26.6982421875,26.86644744873047
2016-11-15,187.3544921875,108.84033203125,61.42335510253906,96.52469635009766,27.200559616088867,27.031686782836914
2016-11-16,187.00247192382812,109.48653411865234,61.55162811279297,96.38751983642578,26.97984504699707,26.783815383911133
2016-11-17,187.9638671875,110.28254699707031,61.302650451660156,96.87627410888672,26.98745346069336,26.96408462524414
2016-11-18,187.5432891845703,109.87049102783203,61.15169143676758,96.69622039794922,26.926563262939453,26.723739624023438
2016-11-21,188.95953369140625,111.01303100585938,61.144187927246094,97.425048828125,27.192941665649414,26.956573486328125
2016-11-22,189.32861328125,111.35015869140625,61.19698715209961,97.70801544189453,27.489749908447266,27.039194107055664
2016-11-23,189.43157958984375,110.9006118774414,61.03853988647461,97.84523010253906,27.223384857177734,26.941558837890625
2016-11-25,190.13539123535156,111.25650024414062,61.0611572265625,98.22250366210938,27.367982864379883,26.994125366210938
2016-11-28,189.24273681640625,111.00365447998047,61.20453643798828,97.65658569335938,27.504976272583008,26.896486282348633
2016-11-29,189.61181640625,111.38761901855469,61.24979019165039,97.79376983642578,27.52020263671875,27.046707153320312
2016-11-30,189.1569366455078,110.0390625,61.03853988647461,97.562255859375,27.56587028503418,27.0091552734375
2016-12-01,188.4617156982422,108.13794708251953,60.81174087524414,97.15924835205078,27.253820419311523,26.941558837890625
2016-12-02,188.55604553222656,108.35332489013672,61.03094482421875,97.15924835205078,27.223384857177734,27.016664505004883
2016-12-05,189.68907165527344,109.19620513916016,61.106571197509766,97.836669921875,27.406030654907227,27.226964950561523
2016-12-06,190.28990173339844,109.45838928222656,61.09901428222656,98.33395385742188,27.52020263671875,27.414737701416016
2016-12-07,192.77902221679688,110.8444595336914,61.242679595947266,99.55155944824219,27.93117332458496,27.775259017944336
2016-12-08,193.25108337402344,111.04109954833984,61.1216926574707,99.91168975830078,28.06056022644043,27.79779624938965
2016-12-09,194.41844177246094,111.91205596923828,60.940242767333984,100.45189666748047,27.93117332458496,27.88041114807129
2016-12-12,194.19525146484375,111.4063491821289,60.8721923828125,100.19465637207031,27.702857971191406,27.790285110473633
2016-12-13,195.49130249023438,112.81110382080078,60.940242767333984,100.77774047851562,27.984451293945312,28.083208084106445
2016-12-14,193.87770080566406,112.57696533203125,60.630271911621094,99.86882019042969,27.177717208862305,27.62504005432129
2016-12-15,194.67591857910156,112.75489044189453,60.539520263671875,100.2804183959961,27.299488067626953,27.579973220825195
2016-12-16,194.295166015625,112.33695983886719,60.59244155883789,100.1260757446289,27.132055282592773,27.58748435974121
2016-12-19,194.71826171875,112.79718780517578,60.751243591308594,100.4090347290039,26.949398040771484,27.5649471282959
2016-12-20,195.4693603515625,113.22923278808594,60.75876998901367,100.83784484863281,26.995283126831055,27.62504005432129
2016-12-21,194.92543029785156,113.14469146728516,60.849517822265625,100.55311584472656,26.911161422729492,27.62504005432129
2016-12-22,194.5887451171875,112.82536315917969,60.80781936645508,100.29427337646484,26.65880012512207,27.54931640625
2016-12-23,194.87364196777344,112.90048217773438,60.838138580322266,100.4495849609375,26.78880500793457,27.609886169433594
2016-12-27,195.3571319580078,113.48282623291016,60.792640686035156,100.6998062133789,26.918804168701172,27.57203483581543
2016-12-28,193.74258422851562,112.59991455078125,60.94427490234375,99.86287689208984,27.087055206298828,27.519027709960938
2016-12-29,193.69943237304688,112.44024658203125,61.1109733581543,99.87149810791016,27.50765609741211,27.617467880249023
2016-12-30,192.9915008544922,111.28495025634766,61.2398796081543,99.50047302246094,27.362354278564453,27.670482635498047
2017-01-03,194.4678497314453,112.28057098388672,61.24745559692383,100.25975799560547,27.66060447692871,27.844646453857422
2017-01-04,195.62481689453125,112.8910903930664,61.292938232421875,101.02767181396484,27.912979125976562,28.185415267944336
2017-01-05,195.4693603515625,113.52979278564453,61.60369110107422,100.82923126220703,28.203571319580078,28.435314178466797
2017-01-06,196.16871643066406,114.52542877197266,61.36113739013672,101.14845275878906,28.0888614654541,28.321735382080078
2017-01-09,195.5211944580078,114.90113830566406,61.512760162353516,100.76020812988281,28.042970657348633,28.253572463989258
2017-01-10,195.5211944580078,115.15474700927734,61.497642517089844,100.83784484863281,28.1959285736084,28.283859252929688
2017-01-11,196.07371520996094,115.46470642089844,61.5279426574707,101.1571044921875,28.440637588500977,28.480756759643555
2017-01-12,195.58164978027344,115.28623962402344,61.54308319091797,100.88964080810547,28.50946807861328,28.503467559814453
2017-01-13,196.03057861328125,115.68074035644531,61.444515228271484,101.13983154296875,28.478883743286133,28.609493255615234
2017-01-17,195.33987426757812,115.33322143554688,61.63404846191406,100.69115447998047,28.448287963867188,28.53376007080078
2017-01-18,195.77151489257812,115.56804656982422,61.315673828125,100.92413330078125,28.341230392456055,28.405019760131836
2017-01-19,195.04627990722656,115.51166534423828,61.20955276489258,100.52725982666016,28.26475715637207,28.35201644897461
2017-01-20,195.76287841796875,115.7652816772461,61.25503921508789,100.87236785888672,28.310632705688477,28.488327026367188
2017-01-23,195.2535858154297,115.85921478271484,61.42182159423828,100.6048812866211,28.70064926147461,28.54891586303711
2017-01-24,196.50546264648438,116.6388168334961,61.33083724975586,101.39005279541016,28.90713119506836,28.670072555541992
2017-01-25,198.20626831054688,117.8128890991211,61.1489372253418,102.26151275634766,29.15949821472168,28.950258255004883
2017-01-26,197.99903869628906,117.93498992919922,61.171607971191406,102.11483001708984,29.037139892578125,28.85938262939453
2017-01-27,197.68826293945312,118.16043090820312,61.2398796081543,101.95092010498047,29.067724227905273,28.791234970092773
2017-01-30,196.46226501464844,117.23992156982422,61.224735260009766,101.26066589355469,28.922422409057617,28.58677864074707
2017-01-31,196.44500732421875,117.00511932373047,61.35360336303711,101.34690856933594,28.937721252441406,28.68522071838379
2017-02-01,196.52268981933594,117.8128890991211,61.245750427246094,101.33827209472656,28.998903274536133,28.78365707397461
2017-02-02,196.6521759033203,117.7095718383789,61.28368377685547,101.40731811523438,29.098318099975586,28.829090118408203
2017-02-03,198.00770568847656,118.0477066040039,61.29887008666992,102.17523193359375,29.281862258911133,28.950258255004883
2017-02-06,197.65370178222656,118.18861389160156,61.48881530761719,101.93363952636719,29.213031768798828,28.73823356628418
2017-02-07,197.66236877441406,118.62065887451172,61.58755111694336,101.92501068115234,29.10595703125,28.715503692626953
2017-02-08,197.92137145996094,118.81788635253906,61.754638671875,102.03716278076172,29.335386276245117,28.76094627380371
2017-02-09,199.09561157226562,119.24996948242188,61.58755111694336,102.71018981933594,29.488340377807617,28.866952896118164
2017-02-10,199.88119506835938,119.64446258544922,61.57231140136719,103.14156341552734,29.755996704101562,28.97296714782715
2017-02-13,200.96908569335938,120.32073974609375,61.503971099853516,103.6592788696289,29.87070655822754,29.078990936279297
2017-02-14,201.7720489501953,120.72463989257812,61.374847412109375,104.03890228271484,29.916589736938477,29.063854217529297
2017-02-15,202.82534790039062,121.4384765625,61.276100158691406,104.60836029052734,30.13836097717285,29.16986846923828
2017-02-16,202.65272521972656,121.4009017944336,61.39002990722656,104.51346588134766,30.054235458374023,29.230453491210938
2017-02-17,202.97215270996094,121.92691040039062,61.53437805175781,104.66877746582031,29.95482635498047,29.131999969482422
2017-02-21,204.18087768554688,122.52808380126953,61.5267333984375,105.29000854492188,30.19953727722168,29.26072883605957
2017-02-22,203.99952697753906,122.57500457763672,61.56473922729492,105.15196228027344,30.276020050048828,29.238021850585938
2017-02-23,204.13768005371094,122.1147689819336,61.678733825683594,105.07433319091797,30.291305541992188,29.291025161743164
2017-02-24,204.39669799804688,122.34954833984375,61.90656280517578,105.24687194824219,29.97011375427246,29.0411376953125
2017-02-27,204.71620178222656,122.49982452392578,61.77738571166992,105.47982788085938,29.847763061523438,29.0562686920166
2017-02-28,204.16363525390625,122.12416076660156,61.73184585571289,105.09154510498047,29.587751388549805,28.988101959228516
2017-03-01,207.02142333984375,123.45790100097656,61.47917938232422,106.50658416748047,30.06188201904297,29.26831817626953
2017-03-02,205.7176971435547,122.83800506591797,61.365013122558594,105.824951171875,29.526567459106445,29.08656120300293
2017-03-03,205.84719848632812,123.06343078613281,61.410667419433594,105.91124725341797,29.778934478759766,29.230453491210938
2017-03-06,205.23422241210938,122.791015625,61.372642517089844,105.49707794189453,29.824825286865234,29.131999969482422
2017-03-07,204.6211700439453,122.58435821533203,61.25844192504883,105.16056823730469,29.86304473876953,29.0562686920166
2017-03-08,204.2413330078125,122.8004379272461,61.1138801574707,104.86721801757812,29.56480598449707,28.904827117919922
2017-03-09,204.50033569335938,122.89434051513672,60.92360305786133,104.91897583007812,29.31244468688965,29.025991439819336
2017-03-10,205.21694946289062,123.41093444824219,61.04538345336914,105.29864501953125,29.557159423828125,29.25316047668457
2017-03-13,205.32052612304688,123.61758422851562,60.92360305786133,105.37628173828125,29.931886672973633,29.389469146728516
2017-03-14,204.53488159179688,123.31703186035156,60.91598892211914,104.99665069580078,29.763641357421875,29.16986846923828
2017-03-15,206.30484008789062,124.077880859375,61.29655456542969,105.94573974609375,30.459550857543945,29.624223709106445
2017-03-16,205.89901733398438,123.99329376220703,61.205223083496094,105.81633758544922,30.666025161743164,29.74538803100586
2017-03-17,205.5374298095703,123.95003509521484,61.32699966430664,105.75592803955078,30.63543701171875,29.790822982788086
2017-03-20,205.31199645996094,124.06293487548828,61.448787689208984,105.50567626953125,30.933687210083008,29.775678634643555
2017-03-21,202.67587280273438,122.1805191040039,61.593345642089844,104.0302963256836,30.558961868286133,29.601512908935547
2017-03-22,203.1527862548828,123.00879669189453,61.677024841308594,104.16835021972656,30.705297470092773,29.639371871948242
2017-03-23,202.93600463867188,122.69815826416016,61.64662170410156,104.1338119506836,30.72060775756836,29.722667694091797
2017-03-24,202.78858947753906,122.95231628417969,61.631412506103516,104.1442642211914,30.804882049560547,29.798688888549805
2017-03-27,202.58047485351562,123.14996337890625,61.76079559326172,104.02290344238281,30.712942123413086,29.867101669311523
2017-03-28,204.0546417236328,123.90298461914062,61.64662170410156,104.75092315673828,30.78954315185547,30.003934860229492
2017-03-29,204.2454071044922,124.47708129882812,61.76833724975586,104.94161987304688,30.835527420043945,30.03432846069336
2017-03-30,204.89572143554688,124.68417358398438,61.66946792602539,105.3316421508789,30.659330368041992,29.920310974121094
2017-03-31,204.4188232421875,124.59943389892578,61.70753479003906,105.14959716796875,30.429500579833984,29.874692916870117
2017-04-03,204.06329345703125,124.52417755126953,61.93178176879883,104.88960266113281,30.666990280151367,29.84429168701172
2017-04-04,204.19338989257812,124.72181701660156,61.86308670043945,104.94161987304688,30.73593521118164,29.82908821105957
2017-04-05,203.5863494873047,124.21351623535156,61.91647720336914,104.51690673828125,30.682302474975586,29.66945457458496
2017-04-06,204.15867614746094,124.27942657470703,61.93933868408203,104.84624481201172,30.62868881225586,29.692258834838867
2017-04-07,203.95059204101562,124.21351623535156,61.80208206176758,104.76823425292969,30.62101936340332,29.654251098632812
2017-04-10,204.0719757080078,124.26061248779297,61.86308670043945,104.89826202392578,30.475467681884766,29.654251098632812
2017-04-11,203.8291473388672,123.72410583496094,62.06138229370117,104.86360168457031,30.506105422973633,29.775876998901367
2017-04-12,202.93600463867188,123.22526550292969,62.20630645751953,104.32623291015625,30.613353729248047,29.753076553344727
2017-04-13,201.61793518066406,122.73580169677734,62.297847747802734,103.61555480957031,30.452486038208008,29.56302833557129
2017-04-17,203.40428161621094,123.75235748291016,62.25971984863281,104.51690673828125,30.712942123413086,29.80628204345703
2017-04-18,202.79725646972656,123.5640869140625,62.480865478515625,104.29156494140625,30.352886199951172,29.63144874572754
2017-04-19,202.42437744140625,123.76177215576172,62.366477966308594,104.20487976074219,30.130725860595703,29.49461555480957
2017-04-20,204.0719757080078,124.7970962524414,62.28256607055664,105.06294250488281,30.444814682006836,29.76067543029785
2017-04-21,203.4215850830078,124.76884460449219,62.297847747802734,104.72490692138672,30.414182662963867,29.775876998901367
2017-04-24,205.6588134765625,126.27483367919922,62.213951110839844,105.83432006835938,30.76658058166504,30.42963218688965
2017-04-25,206.85545349121094,127.18780517578125,62.023231506347656,106.49302673339844,30.988746643066406,30.62727165222168
2017-04-26,206.72543334960938,127.00894927978516,62.084293365478516,106.5190200805664,30.87383270263672,30.51325035095215
2017-04-27,206.89886474609375,127.77137756347656,62.1300163269043,106.62301635742188,30.774242401123047,30.55886459350586
2017-04-28,206.44789123535156,127.9972915649414,62.19868469238281,106.26768493652344,30.90447425842285,30.536043167114258
2017-05-01,206.96817016601562,129.1361541748047,62.08255386352539,106.54502868652344,31.027034759521484,30.619667053222656
2017-05-02,207.0462188720703,129.3526153564453,62.189510345458984,106.54502868652344,31.18027687072754,30.80210304260254
2017-05-03,206.79476928710938,128.93846130371094,62.12073516845703,106.28499603271484,30.958106994628906,30.703283309936523
2017-05-04,207.0375518798828,128.9855499267578,62.05196762084961,106.36300659179688,30.62868881225586,30.923744201660156
2017-05-05,207.8526153564453,129.45614624023438,62.090187072753906,106.8917007446289,30.804882049560547,31.235408782958984
2017-05-08,207.81800842285156,129.73851013183594,61.983158111572266,106.7270278930664,30.613353729248047,31.090978622436523
2017-05-09,207.62718200683594,130.19032287597656,61.95258331298828,106.69235229492188,30.958106994628906,31.03776741027832
2017-05-10,208.00010681152344,130.2655792236328,61.94493865966797,106.92638397216797,31.203256607055664,31.083372116088867
2017-05-11,207.57518005371094,130.1620635986328,61.99079895019531,106.6143798828125,31.187938690185547,31.022567749023438
2017-05-12,207.2283477783203,130.453857421875,62.17422866821289,106.40635681152344,31.35647201538086,31.159391403198242
2017-05-15,208.37294006347656,130.86802673339844,62.15892791748047,106.97840118408203,31.647586822509766,31.341829299926758
2017-05-16,208.18215942382812,131.4138946533203,62.2200813293457,106.91770935058594,31.678245544433594,31.501462936401367
2017-05-17,204.48818969726562,128.0725860595703,62.55635452270508,104.99361419677734,31.203256607055664,31.121383666992188
2017-05-18,205.31199645996094,129.19264221191406,62.50289535522461,105.3056411743164,30.62868881225586,31.18219757080078
2017-05-19,206.6473846435547,129.73851013183594,62.54106903076172,106.0596923828125,31.172607421875,31.539474487304688
2017-05-22,207.69656372070312,130.83035278320312,62.48758316040039,106.62301635742188,31.164958953857422,31.623092651367188
2017-05-23,208.1561737060547,130.9621124267578,62.35765838623047,106.80503845214844,31.149627685546875,31.592689514160156
2017-05-24,208.64170837402344,131.56454467773438,62.48758316040039,107.11705780029297,31.25689125061035,31.66109848022461
2017-05-25,209.63893127441406,132.68455505371094,62.48758316040039,107.56774139404297,31.41776466369629,31.653493881225586
2017-05-26,209.59561157226562,132.91990661621094,62.51816940307617,107.55040740966797,31.49437713623047,31.569887161254883
2017-05-30,209.4134979248047,133.0327911376953,62.609859466552734,107.37705993652344,31.440750122070312,31.51666259765625
2017-05-31,209.3614959716797,132.98574829101562,62.64043426513672,107.3424072265625,31.210918426513672,31.577476501464844
2017-06-01,211.0263671875,133.50340270996094,62.657291412353516,108.33910369873047,31.440750122070312,31.790325164794922
2017-06-02,211.728759765625,135.0281982421875,62.86408996582031,108.6944580078125,31.540346145629883,32.094398498535156
2017-06-05,211.57264709472656,134.99996948242188,62.764556884765625,108.5557861328125,31.540346145629883,31.95756721496582
2017-06-06,210.89633178710938,134.46348571777344,62.87942123413086,108.27843475341797,31.563329696655273,31.88155746459961
2017-06-07,211.28652954101562,134.99053955078125,62.795108795166016,108.39979553222656,31.540346145629883,31.85875129699707
2017-06-08,211.3905792236328,135.13177490234375,62.74919891357422,108.59046173095703,31.601634979248047,31.813135147094727
2017-06-09,211.0697479248047,131.75277709960938,62.695587158203125,108.50379943847656,31.387123107910156,31.699113845825195
2017-06-12,211.0263671875,131.0468292236328,62.68027114868164,108.4864501953125,31.272205352783203,31.600284576416016
2017-06-13,212.0582733154297,132.11041259765625,62.695587158203125,109.02381896972656,31.41776466369629,31.873950958251953
2017-06-14,211.78944396972656,131.53627014160156,62.92535400390625,108.86781311035156,31.3947811126709,31.83594512939453
2017-06-15,211.3819122314453,130.95272827148438,62.85643768310547,108.62512969970703,31.118989944458008,31.493871688842773
2017-06-16,211.4281005859375,130.38461303710938,62.92535400390625,108.5557861328125,31.21858787536621,31.775135040283203
2017-06-19,213.18826293945312,132.56472778320312,62.833492279052734,109.4398422241211,31.425426483154297,31.889148712158203
2017-06-20,211.75051879882812,131.52655029296875,62.92535400390625,108.6944580078125,31.050029754638672,31.600284576416016
2017-06-21,211.6982421875,132.8290252685547,62.955989837646484,108.5682144165039,31.167980194091797,31.571067810058594
2017-06-22,211.60238647460938,132.79122924804688,62.9789924621582,108.61175537109375,31.283632278442383,31.632596969604492
2017-06-23,211.8550567626953,133.3008575439453,62.99428939819336,108.88166046142578,31.39925765991211,31.70181655883789
2017-06-26,211.9944610595703,132.67799377441406,63.06320571899414,108.96005249023438,31.73074722290039,31.763334274291992
2017-06-27,210.28662109375,130.2712860107422,62.84877014160156,108.0632095336914,31.39925765991211,31.755643844604492
2017-06-28,212.16879272460938,132.1494598388672,62.84877014160156,109.08193969726562,31.584280014038086,32.040199279785156
2017-06-29,210.3040313720703,129.8560333251953,62.71854782104492,108.21122741699219,31.229650497436523,31.717187881469727
2017-06-30,210.6961669921875,129.90322875976562,62.67262268066406,108.35924530029297,31.476346969604492,31.77873420715332
2017-07-03,211.0533905029297,128.53469848632812,62.67953872680664,108.6204833984375,31.622819900512695,31.717187881469727
2017-07-05,211.5413818359375,129.79945373535156,62.71798324584961,108.74235534667969,31.5688533782959,31.732572555541992
2017-07-06,209.60699462890625,128.6291046142578,62.57186508178711,107.67137908935547,31.221948623657227,31.540300369262695
2017-07-07,210.96624755859375,130.01649475097656,62.55647659301758,108.4201889038086,31.306745529174805,31.594139099121094
2017-07-10,211.1928253173828,130.86590576171875,62.58721923828125,108.4985580444336,31.53031349182129,31.647974014282227
2017-07-11,211.03599548339844,131.23397827148438,62.648765563964844,108.47246551513672,31.75387191772461,31.747949600219727
2017-07-12,212.62188720703125,132.79122924804688,62.79489517211914,109.24737548828125,32.355194091796875,32.032508850097656
2017-07-13,212.9791259765625,133.08377075195312,62.77180862426758,109.42149353027344,32.44770050048828,32.12480545043945
2017-07-14,213.9724884033203,134.1314239501953,62.79489517211914,109.90908813476562,32.779197692871094,32.355533599853516
2017-07-17,213.9463653564453,134.1974639892578,62.87950897216797,109.90908813476562,32.609596252441406,32.301692962646484
2017-07-18,214.0596466064453,135.09405517578125,63.0256462097168,109.97876739501953,32.66355895996094,32.37091064453125
2017-07-19,215.21859741210938,135.88687133789062,63.03330612182617,110.61436462402344,32.97962951660156,32.52473449707031
2017-07-20,215.3143768310547,136.06614685058594,63.07176971435547,110.68403625488281,32.91025161743164,32.63239669799805
2017-07-21,215.12269592285156,136.0095672607422,63.14098358154297,110.53599548339844,32.84086608886719,32.54780578613281
2017-07-24,215.07037353515625,136.63243103027344,63.11017990112305,110.54473114013672,32.96420669555664,32.48628234863281
2017-07-25,215.59326171875,136.2832489013672,62.87181854248047,110.91040802001953,32.91025161743164,32.50934600830078
2017-07-26,215.60195922851562,136.726806640625,63.0256462097168,110.83206176757812,33.149234771728516,32.71701431274414
2017-07-27,215.40155029296875,135.86798095703125,62.94871520996094,110.6405029296875,32.97962951660156,32.59394454956055
2017-07-28,215.14881896972656,135.7547149658203,63.06405258178711,110.45763397216797,33.10297393798828,32.62471008300781
2017-07-31,215.02684020996094,135.1790008544922,63.05638885498047,110.39671325683594,33.15694046020508,32.693939208984375
2017-08-01,215.50611877441406,135.49041748046875,63.31280517578125,110.62308502197266,33.29570388793945,32.878517150878906
2017-08-02,215.6106719970703,135.8585205078125,63.27418518066406,110.51863098144531,33.3727912902832,32.863128662109375
2017-08-03,215.19241333007812,135.32998657226562,63.40546417236328,110.26609802246094,33.24945068359375,32.816986083984375
2017-08-04,215.5845184326172,135.57540893554688,63.305030822753906,110.50119018554688,33.334259033203125,32.863128662109375
2017-08-07,215.98533630371094,136.43423461914062,63.32821273803711,110.71885681152344,33.59636688232422,32.88621139526367
2017-08-08,215.4538116455078,136.19827270507812,63.2432975769043,110.41410064697266,33.55010223388672,32.71701431274414
2017-08-09,215.44512939453125,136.01901245117188,63.28963851928711,110.29219818115234,33.365089416503906,32.63239669799805
2017-08-10,212.4040069580078,133.10267639160156,63.38230895996094,108.67267608642578,32.59416580200195,32.16326141357422
2017-08-11,212.71768188476562,134.11256408691406,63.43632507324219,108.87297058105469,32.694400787353516,32.15557861328125
2017-08-14,214.826416015625,135.8396453857422,63.39002227783203,109.98748016357422,32.97962951660156,32.37860870361328
2017-08-15,214.8002471923828,135.93402099609375,63.281925201416016,109.88297271728516,32.95650100708008,32.34785079956055
2017-08-16,215.17498779296875,136.17002868652344,63.37453079223633,110.08325958251953,33.35737228393555,32.54780578613281
2017-08-17,211.8201904296875,133.38583374023438,63.49042892456055,108.33311462402344,32.933372497558594,32.17864990234375
2017-08-18,211.48910522460938,133.2913818359375,63.45954895019531,108.15026092529297,33.172359466552734,32.27093505859375
2017-08-21,211.65467834472656,133.12156677246094,63.49042892456055,108.3070297241211,33.257164001464844,32.278629302978516
2017-08-22,213.867919921875,135.15069580078125,63.413177490234375,109.39539337158203,33.55010223388672,32.44013214111328
2017-08-23,213.1011505126953,134.66940307617188,63.59853744506836,109.06454467773438,33.71199417114258,32.45550537109375
2017-08-24,212.60447692871094,134.2729949951172,63.50588607788086,108.89036560058594,33.789085388183594,32.41706466674805
2017-08-25,213.1011505126953,133.9898223876953,63.583091735839844,109.15159606933594,34.0743293762207,32.60934066772461
2017-08-28,213.10983276367188,134.40512084960938,63.613990783691406,109.19511413574219,34.06661605834961,32.60934066772461
2017-08-29,213.35385131835938,134.93360900878906,63.683467864990234,109.2386703491211,33.99723815917969,32.470890045166016
2017-08-30,214.36459350585938,136.51919555664062,63.67574691772461,109.81333923339844,34.03578186035156,32.42474365234375
2017-08-31,215.65420532226562,137.9821014404297,63.729820251464844,110.56212615966797,34.15141677856445,32.70161819458008
2017-09-01,215.9591827392578,137.79330444335938,63.62456130981445,110.81461334228516,34.39810562133789,32.76314163208008
2017-09-05,214.40814208984375,136.5569305419922,63.8876838684082,109.96137237548828,34.13600158691406,32.52473449707031
2017-09-06,215.1400909423828,136.97222900390625,63.77934646606445,110.26609802246094,34.3826904296875,32.76314163208008
2017-09-07,215.11395263671875,137.29307556152344,63.980560302734375,110.21382904052734,34.55229187011719,33.032325744628906
2017-09-08,214.86129760742188,136.10394287109375,63.910919189453125,110.13549041748047,34.3287353515625,33.02464294433594
2017-09-11,217.1529541015625,137.67063903808594,63.71746063232422,111.31963348388672,34.72959899902344,33.270751953125
2017-09-12,217.88491821289062,138.0009307861328,63.62456130981445,111.7463150024414,34.66793441772461,33.3399658203125
2017-09-13,217.98951721191406,138.18971252441406,63.547183990478516,111.79853057861328,34.4366569519043,33.1861572265625
2017-09-14,217.91978454589844,137.37806701660156,63.58586883544922,111.76370239257812,34.50603103637695,33.278446197509766
2017-09-15,218.213134765625,137.84994506835938,63.593631744384766,111.97267150878906,34.7373161315918,33.29381561279297
2017-09-18,218.67727661132812,137.66928100585938,63.547183990478516,112.24259185791016,34.70647430419922,33.34765625
2017-09-19,218.8961944580078,137.90576171875,63.50074768066406,112.29481506347656,34.7373161315918,33.50917053222656
2017-09-20,218.97496032714844,137.4801483154297,63.44658279418945,112.47769927978516,34.637474060058594,33.4234504699707
2017-09-21,218.3883056640625,136.6383056640625,63.431053161621094,112.16423797607422,34.66867446899414,33.369380950927734
2017-09-22,218.43206787109375,136.50588989257812,63.492984771728516,112.25428771972656,34.45808792114258,33.44661331176758
2017-09-25,217.98545837402344,135.06817626953125,63.6323127746582,112.07066345214844,33.81852722167969,33.29987716674805
2017-09-26,218.11680603027344,135.4181365966797,63.60135269165039,112.09689331054688,33.81072998046875,33.17631149291992
2017-09-27,218.96620178222656,136.6383056640625,63.407894134521484,112.70903015136719,33.623538970947266,33.222660064697266
2017-09-28,219.2289276123047,136.59100341796875,63.42338180541992,112.89266967773438,33.63914108276367,33.330772399902344
2017-09-29,219.99952697753906,137.57467651367188,63.431053161621094,113.25993347167969,33.982322692871094,33.52383804321289
2017-10-02,220.9540557861328,137.6976776123047,63.4062385559082,113.85454559326172,34.013526916503906,33.4852180480957
2017-10-03,221.4269561767578,137.99087524414062,63.4372673034668,114.08193969726562,34.48147964477539,33.61652374267578
2017-10-04,221.68960571289062,138.12326049804688,63.4372673034668,114.19561004638672,34.52048873901367,33.55473709106445
2017-10-05,223.003173828125,139.47589111328125,63.39076614379883,114.7989730834961,34.73887252807617,33.52383804321289
2017-10-06,222.7492218017578,139.66505432128906,63.32096481323242,114.72027587890625,34.60626983642578,33.4852180480957
2017-10-09,222.38143920898438,139.5041961669922,63.383018493652344,114.49290466308594,34.489288330078125,33.500675201416016
2017-10-10,222.96812438964844,139.60830688476562,63.41400909423828,114.76399230957031,34.82466125488281,33.8095817565918
2017-10-11,223.31837463378906,140.02439880371094,63.44503402709961,114.92140197753906,34.92605209350586,33.92540740966797
2017-10-12,222.98561096191406,139.7691192626953,63.499298095703125,114.78148651123047,34.92605209350586,33.92540740966797
2017-10-13,223.25709533691406,140.30825805664062,63.63117218017578,114.8689193725586,35.238033294677734,34.09531784057617
2017-10-16,223.55482482910156,140.79061889648438,63.569129943847656,114.9476089477539,35.206844329833984,34.064414978027344
2017-10-17,223.71243286132812,140.9703369140625,63.5769157409668,115.0000991821289,35.03524398803711,33.9871826171875
2017-10-18,223.93136596679688,140.80006408691406,63.476051330566406,115.14874267578125,35.06644058227539,34.04897689819336
2017-10-19,223.99269104003906,140.27984619140625,63.50708770751953,115.17499542236328,34.8090705871582,33.9871826171875
2017-10-20,225.14857482910156,140.658203125,63.35201644897461,115.79586791992188,34.94945526123047,33.940860748291016
2017-10-23,224.2729034423828,139.74073791503906,63.4062385559082,115.30615997314453,34.637474060058594,33.85591506958008
2017-10-24,224.66697692871094,139.9771728515625,63.29770278930664,115.50726318359375,34.73107147216797,33.933135986328125
2017-10-25,223.55482482910156,139.4474639892578,63.243465423583984,114.90386199951172,34.653076171875,33.79412841796875
2017-10-26,223.84381103515625,139.00296020507812,63.165863037109375,115.0525894165039,34.47368621826172,33.75551986694336
2017-10-27,225.6739959716797,143.05116271972656,63.305423736572266,115.98822021484375,34.89487075805664,33.88680648803711
2017-10-30,224.83338928222656,143.37277221679688,63.45277786254883,115.48106384277344,34.61408615112305,33.964027404785156
2017-10-31,225.18360900878906,143.91189575195312,63.41400909423828,115.7171859741211,34.8090705871582,34.11846923828125
2017-11-01,225.4813690185547,143.8646240234375,63.45521926879883,115.81336975097656,34.89487075805664,34.19569396972656
2017-11-02,225.56893920898438,143.59036254882812,63.517398834228516,115.83955383300781,35.004058837890625,34.26520919799805
2017-11-03,226.32205200195312,144.97129821777344,63.571781158447266,116.14563751220703,34.80125427246094,34.234317779541016
2017-11-06,226.67230224609375,145.46311950683594,63.61842727661133,116.36426544189453,35.13664627075195,34.29609298706055
2017-11-07,226.51470947265625,145.5482635498047,63.64173889160156,116.16313934326172,34.918251037597656,34.18025588989258
2017-11-08,226.8999786376953,146.1347198486328,63.59510803222656,116.3554916381836,35.04304885864258,34.32699203491211
2017-11-09,226.0768585205078,145.3685302734375,63.532928466796875,115.88330841064453,34.91046142578125,34.09531784057617
2017-11-10,226.0067901611328,145.3590850830078,63.276485443115234,115.90083312988281,34.777870178222656,34.010353088378906
2017-11-13,226.21690368652344,145.53878784179688,63.284236907958984,115.9620132446289,34.707679748535156,33.87907409667969
2017-11-14,225.69155883789062,145.0091094970703,63.36193084716797,115.75215148925781,34.47368621826172,33.84818649291992
2017-11-15,224.56185913085938,144.32810974121094,63.50960159301758,115.1574935913086,34.19291305541992,33.686004638671875
2017-11-16,226.4709014892578,146.17250061035156,63.42412567138672,116.20682525634766,34.80125427246094,34.010353088378906
2017-11-17,225.80535888671875,145.61444091796875,63.486351013183594,115.98822021484375,34.996253967285156,33.87907409667969
2017-11-20,226.19068908691406,145.50099182128906,63.447425842285156,116.28551483154297,35.14443588256836,33.940860748291016
2017-11-21,227.6705780029297,147.08056640625,63.50185775756836,117.09004974365234,35.58122253417969,34.203426361083984
2017-11-22,227.4691925048828,147.26025390625,63.63394546508789,117.00260925292969,35.69820785522461,34.31926727294922
2017-11-24,227.99464416503906,147.79937744140625,63.61842727661133,117.27371215820312,35.56562423706055,34.53548812866211
2017-11-27,227.8807373046875,147.73316955566406,63.59510803222656,117.1512680053711,35.19903564453125,34.31926727294922
2017-11-28,230.1925506591797,148.11146545410156,63.59510803222656,118.31427001953125,35.40962600708008,34.48915481567383
2017-11-29,230.05247497558594,145.52931213378906,63.43965530395508,118.31427001953125,34.918251037597656,34.342437744140625
2017-11-30,232.06658935546875,146.74949645996094,63.3464241027832,119.2237319946289,34.69207763671875,34.41194152832031
2017-12-01,231.5849151611328,146.12522888183594,63.516212463378906,118.98763275146484,34.35669708251953,34.3115348815918
2017-12-04,231.30471801757812,144.44161987304688,63.52397155761719,118.83023071289062,34.47368621826172,34.17253875732422
2017-12-05,230.47279357910156,144.5362091064453,63.60185623168945,118.32302856445312,34.419090270996094,34.126197814941406
2017-12-06,230.51663208007812,145.18881225585938,63.671932220458984,118.25308227539062,33.99011993408203,33.97175216674805
2017-12-07,231.24339294433594,145.6807098388672,63.58625411987305,118.72528839111328,34.03691101074219,34.07213592529297
2017-12-08,232.50442504882812,146.3238525390625,63.562923431396484,119.34617614746094,34.42688751220703,34.26520919799805
2017-12-11,233.20494079589844,147.45880126953125,63.516212463378906,119.62598419189453,34.653076171875,34.33470916748047
2017-12-12,233.61656188964844,147.26025390625,63.5084228515625,119.75716400146484,34.40349578857422,34.35787582397461
2017-12-13,233.59024047851562,147.5439910888672,63.68749237060547,119.77468872070312,34.777870178222656,34.50461196899414
2017-12-14,232.63575744628906,147.44000244140625,63.710880279541016,119.21501922607422,34.55948257446289,34.342437744140625
2017-12-15,234.57302856445312,149.1141357421875,63.71864318847656,120.28184509277344,34.653076171875,34.31926727294922
2017-12-18,236.06048583984375,150.3643798828125,63.617431640625,121.11254119873047,35.0118408203125,34.705406188964844
2017-12-19,235.15396118164062,149.473388671875,63.422733306884766,120.62290954589844,34.918251037597656,34.5972785949707
2017-12-20,235.0307159423828,149.3121795654297,63.29812240600586,120.61414337158203,34.965057373046875,34.57411575317383
2017-12-21,235.51473999023438,149.33120727539062,63.3370475769043,120.88921356201172,35.31142807006836,34.68484115600586
2017-12-22,235.45314025878906,149.16055297851562,63.36821746826172,120.8452377319336,35.60137939453125,34.7706184387207
2017-12-26,235.17149353027344,148.3549041748047,63.43147277832031,120.74858856201172,35.640560150146484,34.778419494628906
2017-12-27,235.28591918945312,148.37387084960938,63.62665557861328,120.7925033569336,35.63274002075195,34.864200592041016
2017-12-28,235.7700653076172,148.553955078125,63.58763122558594,121.05615234375,35.80512237548828,34.973358154296875
2017-12-29,234.88108825683594,147.6345672607422,63.68912887573242,120.60797882080078,35.9775390625,34.981163024902344
2018-01-02,236.56216430664062,150.22215270996094,63.509521484375,121.46038055419922,36.59662628173828,35.285274505615234
2018-01-03,238.05841064453125,151.6818084716797,63.5641975402832,122.16333770751953,36.94926452636719,35.50362014770508
2018-01-04,239.0618438720703,151.9472198486328,63.532920837402344,122.62909698486328,37.1765251159668,35.82332992553711
2018-01-05,240.6549530029297,153.4732208251953,63.44705581665039,123.34964752197266,37.50566482543945,35.9948844909668
2018-01-08,241.09500122070312,154.07037353515625,63.45487594604492,123.6308822631836,37.51349639892578,35.979278564453125
2018-01-09,241.64077758789062,154.07984924316406,63.267513275146484,123.8593521118164,37.50566482543945,36.01047897338867
2018-01-10,241.2710418701172,153.71963500976562,63.27528381347656,123.66603088378906,37.34109115600586,35.916908264160156
2018-01-11,243.03140258789062,154.771728515625,63.27528381347656,124.71171569824219,37.584014892578125,36.15083694458008
2018-01-12,244.61575317382812,155.9091339111328,63.267513275146484,125.44108581542969,37.98368453979492,36.49394989013672
2018-01-16,243.77947998046875,155.4636993408203,63.314334869384766,124.88752746582031,37.79560089111328,36.454959869384766
2018-01-17,246.10311889648438,157.1413116455078,63.244049072265625,126.03858184814453,38.3284912109375,36.649906158447266
2018-01-18,245.68954467773438,157.16973876953125,63.11911392211914,125.81889343261719,38.39118957519531,36.564117431640625
2018-01-19,246.80731201171875,157.6626739501953,62.98639678955078,126.46923065185547,38.75167465209961,36.72787857055664
2018-01-22,248.8141326904297,159.3497772216797,62.9395866394043,127.47101593017578,39.065128326416016,36.922828674316406
2018-01-23,249.34225463867188,160.667236328125,63.10352325439453,127.78736114501953,39.2061882019043,37.039794921875
2018-01-24,249.24534606933594,159.6246795654297,63.03327178955078,127.6643295288086,39.56666564941406,37.156761169433594
2018-01-25,249.35107421875,159.5677947998047,63.20503616333008,127.71702575683594,39.42560958862305,37.02420425415039
2018-01-26,252.2379150390625,162.01318359375,63.08791732788086,129.05276489257812,39.95067596435547,37.33611297607422
2018-01-29,250.56553649902344,161.22650146484375,63.00202178955078,128.20919799804688,39.3237419128418,36.99300003051758
2018-01-30,247.9955596923828,159.89950561523438,62.8848762512207,126.87348175048828,38.82221221923828,36.712276458740234
2018-01-31,248.1187286376953,160.56301879882812,62.90052795410156,126.91734313964844,39.05729293823242,36.64210891723633
2018-02-01,247.83702087402344,159.19813537597656,62.72600555419922,126.8646469116211,38.688968658447266,36.735679626464844
2018-02-02,242.4416961669922,156.02291870117188,62.538204193115234,124.16691589355469,37.81913375854492,35.94029235839844
2018-02-05,232.30221557617188,149.87144470214844,62.81208801269531,119.28108215332031,36.60445785522461,34.47430419921875
2018-02-06,236.8790283203125,153.84286499023438,62.608673095703125,121.23186492919922,37.51349639892578,35.14490509033203
2018-02-07,235.59396362304688,151.8524169921875,62.467803955078125,120.69586181640625,36.44772720336914,34.66924285888672
2018-02-08,226.75714111328125,145.4450225830078,62.42082214355469,116.35484313964844,35.23305892944336,33.81147766113281
2018-02-09,230.1633758544922,147.95681762695312,62.26435089111328,117.95415496826172,35.765953063964844,34.0454216003418
2018-02-12,233.54318237304688,150.5823211669922,62.280029296875,119.52716064453125,36.25965118408203,34.4976921081543
2018-02-13,234.12411499023438,151.35952758789062,62.334774017333984,119.90497589111328,36.541770935058594,34.365135192871094
2018-02-14,237.28390502929688,154.1935272216797,62.131343841552734,121.5833511352539,37.29407501220703,35.04356002807617
2018-02-15,240.3117218017578,157.05606079101562,62.193939208984375,123.06846618652344,37.99152755737305,35.269683837890625
2018-02-16,240.382080078125,156.35464477539062,62.32695388793945,123.1211929321289,37.85047149658203,35.39445495605469
2018-02-20,238.8769989013672,156.66738891601562,62.26435089111328,122.38304901123047,37.51349639892578,35.03574752807617
2018-02-21,237.68875122070312,156.22198486328125,62.029598236083984,121.81183624267578,37.46647644042969,34.9031867980957
2018-02-22,237.9967803955078,156.2030029296875,62.10784149169922,121.89091491699219,37.51349639892578,35.05134201049805
2018-02-23,241.79034423828125,159.3971405029297,62.27214813232422,123.78028106689453,38.12474822998047,35.402244567871094
2018-02-26,244.59805297851562,161.51083374023438,62.30348205566406,125.08076477050781,38.485225677490234,35.68296813964844
2018-02-27,241.5438232421875,159.51089477539062,62.1704216003418,123.50785064697266,37.4508056640625,35.13711166381836
2018-02-28,239.0971221923828,158.48724365234375,62.248695373535156,122.1457748413086,36.964942932128906,34.7706184387207
2018-03-01,235.62046813964844,155.89964294433594,62.35457229614258,120.69586181640625,36.95710754394531,34.31834030151367
2018-03-02,236.83506774902344,157.33094787597656,62.2369384765625,121.47791290283203,37.05113983154297,34.419715881347656
2018-03-05,239.57228088378906,159.07492065429688,62.19773483276367,122.84880828857422,37.16085433959961,34.5600700378418
2018-03-06,240.1796875,159.74786376953125,62.22126007080078,123.29695892333984,37.270565032958984,34.84859085083008
2018-03-07,240.0916748046875,160.11756896972656,62.20554733276367,123.40238189697266,37.26272201538086,34.809608459472656
2018-03-08,241.2534942626953,160.99900817871094,62.27613830566406,123.8681411743164,37.286251068115234,34.910980224609375
2018-03-09,245.4518280029297,164.12686157226562,62.19773483276367,125.92440795898438,37.95233917236328,35.168304443359375
2018-03-12,245.14370727539062,164.99884033203125,62.260475158691406,125.85411834716797,38.08555603027344,35.222896575927734
2018-03-13,243.55947875976562,162.7524871826172,62.27613830566406,125.0719985961914,37.71725845336914,35.00456619262695
2018-03-14,242.30950927734375,162.7240447998047,62.40947723388672,124.43932342529297,37.76427459716797,35.05913543701172
2018-03-15,242.04562377929688,162.58187866210938,62.41728973388672,124.27233123779297,37.61538314819336,35.05134201049805
2018-03-16,242.30807495117188,162.09852600097656,62.3624153137207,124.48323822021484,37.49781799316406,35.00456619262695
2018-03-19,239.029541015625,158.6399383544922,62.31535339355469,122.88392639160156,37.145179748535156,34.71602249145508
2018-03-20,239.4361572265625,159.162109375,62.2369384765625,123.06846618652344,37.46647644042969,34.74722671508789
2018-03-21,238.97659301757812,158.4690399169922,62.2369384765625,122.96300506591797,37.670223236083984,34.83299255371094
2018-03-22,233.00283813476562,154.55764770507812,62.3388786315918,119.95075988769531,36.47908020019531,34.19357681274414
2018-03-23,228.0364532470703,150.48486328125,62.35457229614258,117.43618774414062,35.94618225097656,33.772499084472656
2018-03-26,234.27529907226562,156.0766143798828,62.31535339355469,120.53311920166016,37.02894973754883,34.376747131347656
2018-03-27,230.28985595703125,151.0259552001953,62.527076721191406,118.39793395996094,36.47932434082031,34.094970703125
2018-03-28,229.60935974121094,149.28866577148438,62.519203186035156,118.12437438964844,36.22807693481445,34.25934982299805
2018-03-29,232.5432586669922,152.0228271484375,62.67603302001953,119.7479019165039,36.88761520385742,34.635040283203125
2018-04-02,227.52395629882812,147.63674926757812,62.66819381713867,117.02153015136719,36.34584426879883,34.11845016479492
2018-04-03,230.44009399414062,149.29812622070312,62.59742736816406,118.47734069824219,36.69917297363281,34.38456726074219
2018-04-04,232.90554809570312,151.652587890625,62.59742736816406,119.80961608886719,36.81695556640625,34.46283721923828
2018-04-05,234.74366760253906,152.51654052734375,62.51096725463867,120.64781188964844,36.89546585083008,34.72114944458008
2018-04-06,229.51223754882812,148.70001220703125,62.66819381713867,118.11556243896484,36.243770599365234,34.43936538696289
2018-04-09,230.64334106445312,149.744384765625,62.73105239868164,118.51264190673828,36.21236801147461,34.73680114746094
2018-04-10,234.3106689453125,153.0481414794922,62.62099838256836,120.43607330322266,36.88761520385742,35.120323181152344
2018-04-11,233.08236694335938,152.16525268554688,62.66819381713867,119.8802261352539,36.934722900390625,34.955955505371094
2018-04-12,234.99996948242188,153.9975128173828,62.550254821777344,120.85078430175781,36.92687225341797,35.089019775390625
2018-04-13,234.3106689453125,153.1999969482422,62.59742736816406,120.50665283203125,36.54214096069336,35.120323181152344
2018-04-16,236.237060546875,154.36776733398438,62.60528564453125,121.5124740600586,36.573551177978516,35.182945251464844
2018-04-17,238.7644500732422,157.69056701660156,62.62892150878906,122.79182434082031,36.604957580566406,35.36297607421875
2018-04-18,238.94125366210938,158.0133514404297,62.42449188232422,122.95951843261719,36.86405563354492,35.574302673339844
2018-04-19,237.61570739746094,156.56080627441406,62.275142669677734,122.28893280029297,36.659912109375,35.40992736816406
2018-04-20,235.600830078125,154.0829620361328,62.117919921875,121.31837463378906,36.22807693481445,35.23773956298828
2018-04-23,235.5655517578125,153.69371032714844,62.086490631103516,121.27427673339844,35.98466491699219,35.19859313964844
2018-04-24,232.39303588867188,150.43736267089844,61.97641372680664,119.81843566894531,35.81977462768555,35.04206085205078
2018-04-25,232.96746826171875,150.61781311035156,61.88996124267578,119.95075988769531,35.55280685424805,34.963775634765625
2018-04-26,235.3357696533203,153.78868103027344,62.01570129394531,121.0889892578125,35.92184829711914,35.222068786621094
2018-04-27,235.55670166015625,153.88357543945312,62.11011505126953,121.16840362548828,36.11029052734375,35.261207580566406
2018-04-30,233.74510192871094,152.79180908203125,62.1414794921875,120.28608703613281,35.86688232421875,35.0733642578125
2018-05-01,234.16049194335938,154.53863525390625,62.04537582397461,120.47136688232422,35.66273498535156,35.04206085205078
2018-05-02,232.58743286132812,153.62728881835938,62.05326843261719,119.77433776855469,35.427181243896484,34.99510192871094
2018-05-03,232.07493591308594,153.6082763671875,62.10840606689453,119.4478988647461,35.3172721862793,35.06553649902344
2018-05-04,235.07945251464844,156.52284240722656,62.1478157043457,120.99191284179688,35.48999786376953,35.19859313964844
2018-05-07,235.8748321533203,157.82347106933594,62.11628341674805,121.52127838134766,35.39577865600586,35.19076156616211
2018-05-08,235.8748321533203,157.66212463378906,62.069034576416016,121.56542205810547,35.57637405395508,35.19076156616211
2018-05-09,238.1547088623047,159.3804473876953,61.99811935424805,122.7124252319336,35.62348556518555,35.30034637451172
2018-05-10,240.38157653808594,161.0323944091797,62.124183654785156,123.780029296875,36.33013916015625,35.55082702636719
2018-05-11,241.11509704589844,160.8804473876953,62.18720626831055,124.02706146240234,36.20451354980469,35.62125778198242
2018-05-14,241.23001098632812,161.15579223632812,62.10840606689453,124.08882904052734,36.31444549560547,35.68389129638672
2018-05-15,239.568603515625,159.3709259033203,61.81686019897461,123.33890533447266,35.62348556518555,35.386444091796875
2018-05-16,240.5760040283203,160.42477416992188,61.76961898803711,123.93885040283203,36.1259880065918,35.49602508544922
2018-05-17,240.3727264404297,159.8076629638672,61.71451187133789,123.9741439819336,35.62348556518555,35.542999267578125
2018-05-18,239.77188110351562,158.98170471191406,61.879920959472656,123.70064544677734,35.29369354248047,35.417755126953125
2018-05-21,241.5746307373047,159.87413024902344,61.879920959472656,124.62703704833984,35.52141189575195,35.64474105834961
2018-05-22,240.9029998779297,159.66526794433594,61.89567184448242,124.16826629638672,35.66273498535156,35.62125778198242
2018-05-23,241.56573486328125,161.01339721679688,62.08479309082031,124.4947509765625,35.505706787109375,35.28469467163086
2018-05-24,241.07089233398438,160.9658966064453,62.21082305908203,124.29177856445312,35.38008499145508,35.16729736328125
2018-05-25,240.4965057373047,161.12728881835938,62.34477233886719,124.05357360839844,35.4664421081543,34.97161102294922
2018-05-29,237.73052978515625,160.415283203125,62.77812194824219,122.8271484375,34.6812629699707,34.26717758178711
2018-05-30,240.9029998779297,161.56399536132812,62.589012145996094,124.41529846191406,34.987483978271484,34.76027297973633
2018-05-31,239.42723083496094,161.45956420898438,62.565372467041016,123.5594482421875,35.02675247192383,34.57243347167969
2018-06-01,241.77780151367188,163.994384765625,62.604156494140625,124.84764099121094,35.41933822631836,34.83072280883789
2018-06-04,242.92665100097656,165.47543334960938,62.469608306884766,125.42999267578125,35.78837203979492,34.98727798461914
2018-06-05,243.10336303710938,165.98806762695312,62.52497482299805,125.61521911621094,35.474300384521484,34.94812774658203
2018-06-06,245.13580322265625,166.95643615722656,62.3508186340332,126.72697448730469,35.98466491699219,35.24555206298828
2018-06-07,245.10931396484375,165.5988006591797,62.50917434692383,126.54167938232422,35.435035705566406,35.04206085205078
2018-06-08,245.83401489257812,165.6083221435547,62.43000793457031,126.97405242919922,35.41148376464844,35.10466003417969
2018-06-11,246.16098022460938,166.0545196533203,62.37462615966797,127.15928649902344,35.3643798828125,35.331661224365234
2018-06-12,246.47901916503906,166.92796325683594,62.366676330566406,127.42398834228516,35.340816497802734,35.11250305175781
2018-06-13,245.692626953125,166.91847229003906,62.32713317871094,126.94751739501953,35.08170700073242,35.1281623840332
2018-06-14,246.3111572265625,168.60833740234375,62.461692810058594,127.3093032836914,34.893272399902344,35.04206085205078
2018-06-15,245.99700927734375,168.0197296142578,62.469608306884766,127.18579864501953,34.7048225402832,34.79941177368164
2018-06-18,245.49093627929688,167.92271423339844,62.469608306884766,127.04461669921875,34.30438995361328,34.5567741394043
2018-06-19,244.55006408691406,167.4469451904297,62.57249069213867,126.62106323242188,33.91178894042969,34.18107604980469
2018-06-20,244.9672393798828,168.63624572753906,62.43000793457031,126.9122543334961,34.021724700927734,34.25151824951172
2018-06-21,243.43157958984375,167.17103576660156,62.461692810058594,126.03878021240234,33.54277038574219,34.01670455932617
2018-06-22,243.87547302246094,166.80001831054688,62.501251220703125,126.2186050415039,33.81539535522461,34.38129425048828
2018-06-25,240.5556182861328,163.0419921875,62.49333572387695,124.44650268554688,33.372859954833984,33.89781951904297
2018-06-26,241.08827209472656,163.7079315185547,62.59623718261719,124.73004913330078,33.238521575927734,33.937435150146484
2018-06-27,239.09095764160156,161.4816436767578,62.74664306640625,123.56932067871094,32.503570556640625,33.62834167480469
2018-06-28,240.4580078125,162.87074279785156,62.69914627075195,124.34024047851562,32.811771392822266,33.74722671508789
2018-06-29,240.80413818359375,163.3083953857422,62.68333053588867,124.42882537841797,33.34914016723633,34.000850677490234
2018-07-02,241.31898498535156,164.4025421142578,62.644447326660156,124.73004913330078,32.98562240600586,33.63628005981445
2018-07-03,240.46690368652344,162.49966430664062,62.771385192871094,124.41108703613281,33.01723098754883,33.70760726928711
2018-07-05,242.4285430908203,164.51666259765625,62.85870361328125,125.46548461914062,32.98562240600586,33.92160415649414
2018-07-06,244.47911071777344,167.07595825195312,62.93003463745117,126.5198974609375,33.38865661621094,34.15144348144531
2018-07-09,246.680419921875,168.57913208007812,62.87450408935547,127.67172241210938,33.99717330932617,34.460533142089844
2018-07-10,247.56817626953125,168.70285034179688,62.8348274230957,127.9996566772461,33.965553283691406,34.50016403198242
2018-07-11,245.75723266601562,167.8466033935547,62.8665771484375,127.08695220947266,33.333343505859375,33.89781951904297
2018-07-12,247.98536682128906,170.7388458251953,62.91419219970703,128.1324920654297,33.79960250854492,34.18315124511719
2018-07-13,248.18055725097656,170.8815460205078,62.969722747802734,128.21224975585938,33.823299407958984,34.27824783325195
2018-07-16,247.95864868164062,170.47242736816406,62.8824462890625,128.0084686279297,33.63365173339844,34.286170959472656
2018-07-17,248.96177673339844,171.50949096679688,62.85870361328125,128.59329223632812,33.89442825317383,34.3258056640625
2018-07-18,249.48548889160156,171.1859893798828,62.82693862915039,128.8767547607422,33.86281967163086,34.34165954589844
2018-07-19,248.54454040527344,170.32972717285156,62.9459114074707,128.5666961669922,33.4755973815918,34.19899368286133
2018-07-20,248.26048278808594,170.2916717529297,62.80310821533203,128.3363037109375,33.91023635864258,34.405059814453125
2018-07-23,248.72207641601562,170.8339385986328,62.60480880737305,128.54010009765625,33.8074951171875,34.349571228027344
2018-07-24,249.9736328125,171.53802490234375,62.69998550415039,128.82362365722656,34.31326675415039,34.563568115234375
2018-07-25,252.1040496826172,173.9355010986328,62.69998550415039,129.92237854003906,34.85855484008789,34.82511901855469
2018-07-26,251.5093231201172,171.3001708984375,62.69998550415039,129.70968627929688,34.51873779296875,34.68244934082031
2018-07-27,249.8050537109375,168.9882354736328,62.68415832519531,128.67300415039062,34.566162109375,34.76963424682617
2018-07-30,248.50022888183594,166.60025024414062,62.61272430419922,127.83126831054688,34.51873779296875,34.745849609375
2018-07-31,249.72515869140625,167.8751220703125,62.66032791137695,128.557861328125,34.676795959472656,34.777565002441406
2018-08-01,249.30787658691406,168.51251220703125,62.6261100769043,128.4072265625,34.41599655151367,34.65868377685547
2018-08-02,250.6660614013672,170.80545043945312,62.65790939331055,129.16917419433594,34.02088165283203,34.39712905883789
2018-08-03,251.74005126953125,171.32867431640625,62.79312515258789,129.6033935546875,34.234249114990234,34.444679260253906
2018-08-06,252.66323852539062,172.33718872070312,62.84879684448242,130.1881561279297,33.97345733642578,34.27824783325195
2018-08-07,253.49766540527344,172.96510314941406,62.7374382019043,130.613525390625,34.28165817260742,34.492244720458984
2018-08-08,253.39112854003906,173.17442321777344,62.7215461730957,130.48941040039062,34.20262908935547,34.48431396484375
2018-08-09,253.04502868652344,173.0697784423828,62.84081268310547,130.4008026123047,34.15522003173828,34.4209098815918
2018-08-10,251.34957885742188,171.747314453125,62.96807861328125,129.58563232421875,33.4755973815918,33.77100372314453
2018-08-13,250.40859985351562,171.55706787109375,62.976016998291016,129.08944702148438,32.93821716308594,33.60457229614258
2018-08-14,252.00640869140625,172.63214111328125,62.9362907409668,129.94007873535156,33.135772705078125,33.65212631225586
2018-08-15,250.12448120117188,170.52003479003906,63.00785827636719,128.91221618652344,32.16374588012695,33.136959075927734
2018-08-16,252.1484375,171.08131408691406,63.03964614868164,129.92237854003906,32.39292907714844,33.366790771484375
2018-08-17,253.03611755371094,171.119384765625,63.111209869384766,130.4008026123047,32.66952133178711,33.58871841430664
2018-08-20,253.57752990722656,170.9672088623047,63.19072341918945,130.64889526367188,32.811771392822266,33.73137664794922
2018-08-21,254.1722869873047,171.59510803222656,63.15892791748047,131.13624572753906,33.167381286621094,33.95328903198242
2018-08-22,254.0214385986328,172.2610626220703,63.198699951171875,131.1805419921875,33.36495590209961,34.1197395324707
2018-08-23,253.6840362548828,172.0137176513672,63.198699951171875,130.92359924316406,32.84336853027344,33.866119384765625
2018-08-24,255.2108154296875,173.61212158203125,63.23052215576172,131.73873901367188,33.333343505859375,34.1197395324707
2018-08-27,257.225830078125,175.38165283203125,63.15098571777344,132.6868133544922,33.87862014770508,34.587345123291016
2018-08-28,257.35009765625,175.6385498046875,63.05553436279297,132.76657104492188,33.71267318725586,34.50809097290039
2018-08-29,258.73486328125,177.6651153564453,63.01577377319336,133.46656799316406,33.9023323059082,34.69830322265625
2018-08-30,257.6874694824219,177.35110473632812,63.06349182128906,132.91722106933594,33.00143814086914,34.38920974731445
2018-08-31,257.6963195800781,177.5793914794922,63.079383850097656,132.9703826904297,33.22270965576172,34.17521667480469
2018-09-04,257.2524719238281,176.8182830810547,62.982173919677734,132.78431701660156,32.479862213134766,33.83441162109375
2018-09-05,256.56011962890625,174.53494262695312,62.99811935424805,132.35012817382812,32.13214111328125,33.58079147338867
2018-09-06,255.78790283203125,172.9746551513672,63.09378433227539,131.95143127441406,32.1163330078125,33.4619026184082
2018-09-07,255.29067993164062,172.3086395263672,62.89445114135742,131.65016174316406,31.974082946777344,33.19243240356445
2018-09-10,255.7345428466797,172.8890380859375,62.93431854248047,131.93370056152344,31.59476089477539,33.37472915649414
2018-09-11,256.5777893066406,174.220947265625,62.79879379272461,132.37672424316406,31.6342716217041,33.422271728515625
2018-09-12,256.6399841308594,173.7071990966797,62.846641540527344,132.38558959960938,31.831844329833984,33.564937591552734
2018-09-13,258.1579284667969,175.56246948242188,62.886505126953125,133.05014038085938,32.234886169433594,33.7789306640625
2018-09-14,258.2022705078125,175.04873657226562,62.78288269042969,133.1564483642578,32.19536209106445,33.850257873535156
2018-09-17,256.8351745605469,172.52743530273438,62.77494430541992,132.314697265625,31.942476272583008,33.88196563720703
2018-09-18,258.2289123535156,173.95457458496094,62.63142395019531,133.02357482910156,32.19536209106445,34.230690002441406
2018-09-19,258.50408935546875,173.82144165039062,62.535770416259766,133.04127502441406,32.630008697509766,34.349571228027344
2018-09-20,260.59893798828125,175.7432098388672,62.6154670715332,134.06907653808594,32.89870071411133,34.722076416015625
2018-09-21,260.3608093261719,174.78228759765625,62.65532684326172,133.9362030029297,33.03304672241211,34.73000717163086
2018-09-24,259.4960021972656,175.26840209960938,62.575618743896484,133.4488525390625,32.62209701538086,34.57941818237305
2018-09-25,259.25518798828125,175.50669860839844,62.5278205871582,133.37796020507812,32.82757568359375,34.745849609375
2018-09-26,258.4794921875,175.6305694580078,62.687252044677734,132.86404418945312,32.88751983642578,34.760162353515625
2018-09-27,259.2016296386719,177.117431640625,62.73501968383789,133.17420959472656,32.983455657958984,34.66472625732422
2018-09-28,259.228515625,177.07933044433594,62.73501968383789,133.2311248779297,32.775611877441406,34.41813659667969
2018-10-01,260.1290588378906,177.44151306152344,62.61757278442383,133.4358673095703,32.85554504394531,34.50564193725586
2018-10-02,259.9775085449219,177.04115295410156,62.72945785522461,133.2400360107422,32.503807067871094,34.28290939331055
2018-10-03,260.1200866699219,177.23179626464844,62.409847259521484,133.41815185546875,32.232017517089844,34.227237701416016
2018-10-04,258.0871276855469,173.8291473388672,62.250038146972656,132.28749084472656,31.496557235717773,33.78974914550781
2018-10-05,256.64251708984375,171.70372009277344,62.13819885253906,131.43276977539062,31.352670669555664,33.62270736694336
2018-10-08,256.64251708984375,170.65530395507812,62.11418151855469,131.33482360839844,31.40863037109375,33.439762115478516
2018-10-09,256.26806640625,171.20814514160156,62.234092712402344,131.10337829589844,31.328683853149414,33.3204460144043
2018-10-10,248.1537628173828,163.67852783203125,62.18610763549805,126.92793273925781,30.45733642578125,32.564788818359375
2018-10-11,242.6878662109375,161.6483917236328,62.361934661865234,124.22145080566406,30.1855411529541,32.11139678955078
2018-10-12,246.05838012695312,166.14706420898438,62.345916748046875,125.85958862304688,30.952972412109375,32.27048110961914
2018-10-15,244.6761932373047,164.1360321044922,62.32997131347656,125.2987289428711,30.64919090270996,32.21480178833008
2018-10-16,250.02633666992188,168.9111328125,62.37786865234375,128.05859375,31.352670669555664,32.771602630615234
2018-10-17,250.07093811035156,168.97781372070312,62.26605224609375,128.0229949951172,30.976945877075195,32.57275390625
2018-10-18,246.45953369140625,165.060546875,62.2260627746582,126.17118072509766,30.1695499420166,32.05572509765625
2018-10-19,246.32579040527344,164.9080047607422,62.1941032409668,125.8418197631836,30.449344635009766,32.22277069091797
2018-10-22,245.22018432617188,165.7562713623047,62.17015838623047,125.34323120117188,30.76910972595215,32.07162857055664
2018-10-23,243.97186279296875,165.1463165283203,62.258079528808594,124.60430145263672,30.465333938598633,31.745498657226562
2018-10-24,236.5797882080078,157.58811950683594,62.425804138183594,120.7315444946289,29.57798957824707,30.870540618896484
2018-10-25,240.8241729736328,163.0399169921875,62.35390853881836,123.00176239013672,30.13756561279297,31.212570190429688
2018-10-26,236.5887451171875,158.84617614746094,62.46577835083008,120.87399291992188,29.905738830566406,30.95008087158203
2018-10-29,235.27798461914062,155.57704162597656,62.409847259521484,120.206298828125,29.32218360900879,30.822816848754883
2018-10-30,238.76441955566406,158.14089965820312,62.32195281982422,122.08477783203125,29.92173194885254,31.204612731933594
2018-10-31,241.31466674804688,161.85806274414062,62.1941032409668,123.3578872680664,30.26548194885254,31.459142684936523
2018-11-01,243.88270568847656,163.99298095703125,62.30947494506836,124.75563049316406,31.352670669555664,31.872777938842773
2018-11-02,242.4381561279297,161.438720703125,62.077186584472656,124.24819946289062,31.464584350585938,31.96027374267578
2018-11-05,243.77569580078125,161.0383758544922,62.125247955322266,124.85356140136719,31.608484268188477,31.944355010986328
2018-11-06,245.3182373046875,162.25836181640625,62.11723327636719,125.56576538085938,31.488555908203125,32.11139678955078
2018-11-07,250.5703125,167.34803771972656,62.17327880859375,128.1298370361328,32.04814529418945,32.50911331176758
2018-11-08,250.11549377441406,166.28048706054688,62.06916046142578,127.88053894042969,31.272735595703125,32.18299865722656
2018-11-09,247.6722412109375,163.4783477783203,62.22136688232422,126.5718002319336,30.737119674682617,31.952314376831055
2018-11-12,243.0445098876953,158.53167724609375,62.317501068115234,124.1413345336914,30.32942771911621,31.40346336364746
2018-11-13,242.5897979736328,158.6651153564453,62.28544998168945,123.96329498291016,30.68916893005371,31.522794723510742
2018-11-14,240.9312744140625,157.4546356201172,62.33346176147461,123.05520629882812,30.928985595703125,31.554603576660156
2018-11-15,243.4457244873047,160.20913696289062,62.34148025512695,124.44402313232422,31.53653907775879,31.658010482788086
2018-11-16,244.07876586914062,159.64683532714844,62.477664947509766,124.71112060546875,31.648447036743164,31.689821243286133
2018-11-19,239.9503631591797,154.4618682861328,62.477664947509766,122.54769134521484,31.256746292114258,31.427331924438477
2018-11-20,235.50982666015625,151.69786071777344,62.4376220703125,120.3665542602539,30.60123062133789,30.8466854095459
2018-11-21,236.3123016357422,152.85107421875,62.50168991088867,120.95413970947266,31.17679214477539,31.30006217956543
2018-11-23,234.7340545654297,151.7454833984375,62.4936637878418,120.30420684814453,30.849029541015625,31.09324836730957
2018-11-26,238.523681640625,155.2529754638672,62.445640563964844,122.17381286621094,31.064878463745117,31.514829635620117
2018-11-27,239.32623291015625,155.77719116210938,62.48569869995117,122.32518005371094,31.28871726989746,31.419376373291016
2018-11-28,244.83670043945312,160.79055786132812,62.51775360107422,125.17407989501953,31.984203338623047,31.880727767944336
2018-11-29,244.3017578125,160.266357421875,62.56578063964844,124.9426040649414,31.768356323242188,31.729583740234375
2018-11-30,245.7908477783203,161.42913818359375,62.58982849121094,125.8418197631836,31.728382110595703,31.61823272705078
2018-12-03,249.04539489746094,164.25035095214844,62.687747955322266,127.31073760986328,32.35993194580078,32.03981399536133
2018-12-04,240.97586059570312,157.9503173828125,62.84033203125,123.15312957763672,31.7603702545166,31.228479385375977
2018-12-06,240.6101531982422,159.0653839111328,62.9527702331543,123.00176239013672,31.504552841186523,30.93416404724121
2018-12-07,235.01937866210938,153.8137969970703,63.08123016357422,120.09943389892578,30.87303352355957,30.608036041259766
2018-12-10,235.46522521972656,155.42454528808594,63.14546203613281,120.23301696777344,30.513290405273438,30.345548629760742
2018-12-11,235.5187225341797,155.93919372558594,63.15348434448242,120.206298828125,30.825054168701172,30.377370834350586
2018-12-12,236.7046661376953,157.31166076660156,63.0892448425293,120.89177703857422,31.28871726989746,30.854623794555664
2018-12-13,236.62435913085938,157.35939025878906,63.1374626159668,120.59800720214844,31.33667755126953,30.79893684387207
2018-12-14,232.25521850585938,153.52784729003906,63.19363021850586,118.51473236083984,30.94497299194336,30.377370834350586
2018-12-17,227.69873046875,150.0489501953125,63.31406021118164,115.98632049560547,30.609222412109375,30.114877700805664
2018-12-18,227.4490203857422,150.99253845214844,63.410457611083984,115.95072937011719,30.80108070373535,30.146696090698242
2018-12-19,224.0428466796875,147.28492736816406,63.52284622192383,114.17015838623047,30.289466857910156,29.820568084716797
2018-12-20,220.3958740234375,145.14988708496094,63.43453598022461,112.3272476196289,30.521291732788086,29.70921516418457
2018-12-21,215.88011169433594,140.6512451171875,63.43453598022461,109.9412841796875,30.273479461669922,29.128551483154297
2018-12-24,210.17591857910156,137.16339111328125,63.44902420043945,107.19295501708984,30.039243698120117,28.81022071838379
2018-12-26,220.79501342773438,145.72772216796875,63.312191009521484,112.35111236572266,30.570480346679688,29.541732788085938
2018-12-27,222.4901123046875,146.2916717529297,63.44902420043945,113.36304473876953,30.50609588623047,29.565847396850586
2018-12-28,222.20314025878906,146.2151641845703,63.60197448730469,113.21977233886719,30.72341537475586,29.758773803710938
2018-12-31,224.1493377685547,147.44821166992188,63.76295852661133,114.29438781738281,30.667076110839844,29.823083877563477
2019-01-02,224.38253784179688,148.04083251953125,63.89179229736328,114.3839340209961,30.803905487060547,29.782882690429688
2019-01-03,219.02816772460938,143.20431518554688,64.14131164550781,111.73320007324219,30.320955276489258,29.541732788085938
2019-01-04,226.3646240234375,149.33128356933594,63.94809341430664,115.43169403076172,31.27880096435547,30.450084686279297
2019-01-07,228.1494903564453,151.10910034179688,63.85152053833008,116.59584045410156,31.34320068359375,30.54654312133789
2019-01-08,230.29296875,152.47598266601562,63.77104187011719,117.79581451416016,31.520280838012695,30.763591766357422
2019-01-09,231.36927795410156,153.7185516357422,63.85960006713867,118.35105895996094,31.979082107543945,31.141416549682617
2019-01-10,232.18545532226562,154.15821838378906,63.73076629638672,118.93314361572266,32.22054672241211,31.270021438598633
2019-01-11,232.27516174316406,153.59426879882812,63.85960006713867,118.96000671386719,32.019325256347656,31.077098846435547
2019-01-14,230.8580322265625,152.23699951171875,63.803218841552734,118.20777130126953,31.793943405151367,30.916324615478516
2019-01-15,233.50381469726562,155.20968627929688,63.81126403808594,119.497314453125,32.00322723388672,31.109251022338867
2019-01-16,234.0688934326172,155.1810302734375,63.83540725708008,119.83759307861328,32.317142486572266,31.205713272094727
2019-01-17,235.8447265625,156.4044647216797,63.76295852661133,120.80477905273438,32.47007751464844,31.310222625732422
2019-01-18,238.9838104248047,157.95297241210938,63.71468734741211,122.37188720703125,32.63910675048828,31.647846221923828
2019-01-22,235.75502014160156,154.78907775878906,63.82737731933594,120.6972885131836,32.09176254272461,31.157480239868164
2019-01-23,236.24835205078125,154.9898223876953,63.89179229736328,120.82267761230469,32.405677795410156,31.318254470825195
2019-01-24,236.3738555908203,155.9934844970703,64.02861022949219,121.07343292236328,32.67934799194336,31.358442306518555
2019-01-25,238.37400817871094,157.8573455810547,63.95612716674805,122.21073150634766,33.00131607055664,31.752328872680664
2019-01-28,236.56224060058594,155.9074249267578,63.9803466796875,121.315185546875,32.65519714355469,31.599609375
2019-01-29,236.24835205078125,154.43544006347656,64.10908508300781,121.14505767822266,32.69544219970703,31.68802261352539
2019-01-30,239.98828125,158.36395263671875,64.17350006103516,122.97188568115234,33.274986267089844,32.0417366027832
2019-01-31,242.0959930419922,160.7344207763672,64.47138214111328,124.05545043945312,33.62914276123047,32.04977035522461
2019-02-01,242.2126007080078,160.05580139160156,64.29220581054688,124.23456573486328,33.37962341308594,32.033687591552734
2019-02-04,243.91671752929688,162.04393005371094,64.23571014404297,125.12115478515625,33.45206832885742,32.1462287902832
2019-02-05,244.9391326904297,163.4776611328125,64.37290954589844,125.64054870605469,33.83036804199219,32.40346908569336
2019-02-06,244.61627197265625,162.99020385742188,64.34868621826172,125.51516723632812,33.42791748046875,32.1944580078125
2019-02-07,242.28431701660156,160.80133056640625,64.39710235595703,124.32415771484375,33.11399459838867,31.78449058532715
2019-02-08,242.5803985595703,161.1167755126953,64.49392700195312,124.44952392578125,32.9852180480957,31.671953201293945
2019-02-11,242.71485900878906,160.9637908935547,64.46975708007812,124.70916748046875,32.79204177856445,31.607646942138672
2019-02-12,245.8360595703125,163.34390258789062,64.461669921875,126.26740264892578,33.11399459838867,32.0256462097168
2019-02-13,246.6342010498047,163.45858764648438,64.36486053466797,126.66141510009766,32.88057327270508,32.033687591552734
2019-02-14,246.08714294433594,163.6593017578125,64.47779083251953,126.43754577636719,32.944969177246094,32.033687591552734
2019-02-15,248.76876831054688,164.3475341796875,64.50201416015625,127.82559967041016,32.88863754272461,32.46776580810547
2019-02-19,249.19937133789062,164.6725311279297,64.55850219726562,128.0763702392578,33.226688385009766,32.62854766845703
2019-02-20,249.7015380859375,164.64381408691406,64.5343017578125,128.34500122070312,33.37156677246094,32.757144927978516
2019-02-21,248.8136444091797,164.04168701171875,64.40518188476562,127.90621948242188,33.29913330078125,32.6767692565918
2019-02-22,250.35626220703125,165.2555694580078,64.55042266845703,128.74798583984375,33.67744064331055,32.797340393066406
2019-02-25,250.69711303710938,165.85769653320312,64.52625274658203,128.9359893798828,34.12819290161133,32.901851654052734
2019-02-26,250.5177764892578,166.02980041503906,64.61500549316406,128.69424438476562,34.0235595703125,33.03850555419922
2019-02-27,250.41015625,165.92469787597656,64.48590087890625,128.7389678955078,33.7579231262207,32.93401336669922
2019-02-28,249.9436798095703,165.54234313964844,64.41325378417969,128.47035217285156,33.5003547668457,32.797340393066406
2019-03-01,251.50430297851562,166.6893310546875,64.21430969238281,129.3300323486328,33.54060745239258,32.99831771850586
2019-03-04,250.58950805664062,166.71798706054688,64.32750701904297,128.73008728027344,33.66134262084961,32.86970138549805
2019-03-05,250.24868774414062,166.84230041503906,64.37603759765625,128.48826599121094,34.055747985839844,32.89381790161133
2019-03-06,248.7329864501953,165.89596557617188,64.45694732666016,127.51213836669922,33.886714935302734,32.797340393066406
2019-03-07,246.65225219726562,163.86001586914062,64.64295196533203,126.51815795898438,33.33937072753906,32.379337310791016
2019-03-08,246.15887451171875,163.6115264892578,64.72382354736328,126.2584457397461,33.097896575927734,32.33915710449219
2019-03-11,249.72840881347656,167.01429748535156,64.69148254394531,128.1121368408203,33.774024963378906,32.636573791503906
2019-03-12,250.6702117919922,167.93186950683594,64.8451919555664,128.54202270507812,33.910865783691406,32.652652740478516
2019-03-13,252.32940673828125,169.19358825683594,64.81282806396484,129.3659210205078,33.983306884765625,32.89381790161133
2019-03-14,252.1680908203125,168.9069366455078,64.7562255859375,129.25839233398438,33.80622482299805,32.86166000366211
2019-03-15,253.41384887695312,170.47445678710938,64.87752532958984,129.8584442138672,34.2650260925293,33.191226959228516
2019-03-18,254.33270263671875,170.8804473876953,64.83712005615234,130.34197998046875,34.651390075683594,33.30378723144531
2019-03-19,254.3958282470703,171.4550323486328,64.80474090576172,130.31512451171875,34.659423828125,33.39220428466797
2019-03-20,253.63003540039062,172.13490295410156,65.08785247802734,129.77781677246094,34.651390075683594,33.36004638671875
2019-03-21,256.49481201171875,174.82574462890625,65.10400390625,131.30023193359375,34.731868743896484,33.39220428466797
2019-03-22,251.55807495117188,170.9857940673828,65.45993041992188,128.5598907470703,33.685482025146484,32.749114990234375
2019-03-25,251.36903381347656,170.6602325439453,65.54081726074219,128.47169494628906,33.840328216552734,32.749114990234375
2019-03-26,253.24267578125,171.4550323486328,65.55695343017578,129.46206665039062,33.95323944091797,32.9500846862793
2019-03-27,251.91848754882812,170.3538360595703,65.67835235595703,128.8678436279297,33.58225631713867,32.901851654052734
2019-03-28,252.8733367919922,170.74642944335938,65.71063995361328,129.4350128173828,33.872589111328125,32.88167190551758
2019-03-29,254.46783447265625,172.03912353515625,65.6620864868164,130.29042053222656,34.27583694458008,32.994686126708984
2019-04-01,257.4856262207031,174.31822204589844,65.40267181396484,131.802978515625,34.79198455810547,33.42256546020508
2019-04-02,257.6116943359375,174.9789276123047,65.4350814819336,131.79396057128906,34.68714141845703,33.44679260253906
2019-04-03,258.01708984375,175.9844207763672,65.34590911865234,132.1090850830078,34.856510162353516,33.70512008666992
2019-04-04,258.7016906738281,175.91734313964844,65.41075134277344,132.38824462890625,35.08232116699219,33.64053726196289
2019-04-05,259.95391845703125,176.82705688476562,65.45941925048828,133.05447387695312,35.364593505859375,33.71318817138672
2019-04-08,260.15203857421875,177.27711486816406,65.3945541381836,133.17153930664062,35.340396881103516,33.73741912841797
2019-04-09,258.8188781738281,176.65472412109375,65.4918441772461,132.37025451660156,35.292022705078125,33.53559112548828
2019-04-10,259.7016296386719,177.60272216796875,65.58102416992188,132.98245239257812,35.46138381958008,33.6728401184082
2019-04-11,259.62969970703125,177.1813507080078,65.46754455566406,132.97344970703125,35.05006408691406,33.608238220214844
2019-04-12,261.38629150390625,177.9474334716797,65.34590911865234,133.86480712890625,35.267822265625,33.85851287841797
2019-04-15,261.2150573730469,177.9761505126953,65.36209869384766,133.75672912597656,35.08232116699219,33.874664306640625
2019-04-16,261.38629150390625,178.58900451660156,65.24860382080078,133.79275512695312,35.364593505859375,33.93116760253906
2019-04-17,260.74664306640625,179.21145629882812,65.24860382080078,133.297607421875,35.453311920166016,33.9876823425293
2019-04-18,261.26007080078125,179.44129943847656,65.33779907226562,133.49566650390625,35.4936408996582,33.923095703125
2019-04-22,261.48541259765625,179.9488067626953,65.27291870117188,133.53170776367188,35.2839469909668,33.89080047607422
2019-04-23,263.8365783691406,182.2373809814453,65.38640594482422,134.8732147216797,35.364593505859375,33.971534729003906
2019-04-24,263.2510986328125,181.6628875732422,65.55671691894531,134.6931610107422,34.953285217285156,33.6728401184082
2019-04-25,263.0888671875,182.4001922607422,65.54051208496094,134.46807861328125,34.888763427734375,33.64860916137695
2019-04-26,264.31402587890625,182.5629425048828,65.68643188476562,135.1973419189453,35.05006408691406,33.77778625488281
2019-04-29,264.7283935546875,182.9172821044922,65.54857635498047,135.3954315185547,34.98554229736328,33.90694808959961
2019-04-30,264.86346435546875,181.50009155273438,65.64591217041016,135.40438842773438,35.00974655151367,33.93116760253906
2019-05-01,262.87255859375,180.9158935546875,65.64996337890625,134.39599609375,34.816192626953125,33.70512008666992
2019-05-02,262.30511474609375,180.1307373046875,65.50367736816406,134.1709442138672,34.86457061767578,33.64053726196289
2019-05-03,264.8725280761719,183.00341796875,65.62561798095703,135.6205291748047,35.31620788574219,33.971534729003906
2019-05-06,263.7825012207031,181.8831024169922,65.70684051513672,135.1883087158203,34.5661735534668,33.64860916137695
2019-05-07,259.3773498535156,178.34007263183594,65.80440521240234,132.8563995361328,33.91292190551758,33.08350372314453
2019-05-08,259.0171203613281,177.88995361328125,65.75565338134766,132.64035034179688,33.82420349121094,33.131935119628906
2019-05-09,258.2333068847656,176.93240356445312,65.82063293457031,132.2171173095703,33.3483772277832,32.889739990234375
2019-05-10,259.5304870605469,177.15264892578125,65.81253814697266,132.8294219970703,33.62258529663086,33.10771560668945
2019-05-13,253.00845336914062,171.00498962402344,65.95067596435547,129.4710693359375,32.48542785644531,32.364994049072266
2019-05-14,255.29661560058594,172.8818359375,65.99134063720703,130.6415557861328,32.93706512451172,32.67176818847656
2019-05-15,256.7920227050781,175.32366943359375,66.08889770507812,131.4158477783203,33.025787353515625,32.817081451416016
2019-05-16,259.1702575683594,177.0855712890625,65.99134063720703,132.60433959960938,32.945125579833984,33.0189208984375
2019-05-17,257.4945983886719,175.27578735351562,66.00759887695312,131.66795349121094,32.316062927246094,32.83322525024414
2019-05-20,255.79208374023438,172.31689453125,65.92632293701172,130.73155212402344,32.20315170288086,32.68791961669922
2019-05-21,258.0981750488281,174.11712646484375,65.893798828125,132.01010131835938,32.6386604309082,32.913963317871094
2019-05-22,257.3054504394531,173.34146118164062,66.01571655273438,131.53286743164062,32.501548767089844,32.78479766845703
2019-05-23,254.16159057617188,170.68896484375,66.25145721435547,129.8582305908203,32.090248107910156,32.45380783081055
2019-05-24,254.73806762695312,170.60279846191406,66.25145721435547,130.17332458496094,32.138633728027344,32.79286575317383
2019-05-28,252.36888122558594,169.961181640625,66.38961791992188,129.0298614501953,32.23542022705078,32.51030349731445
2019-05-29,250.6753692626953,168.56314086914062,66.37337493896484,128.14755249023438,32.5096321105957,32.2923469543457
2019-05-30,251.3599853515625,169.27175903320312,66.55217742919922,128.3996124267578,32.6547966003418,32.413429260253906
2019-05-31,247.9727783203125,166.57138061523438,66.84477233886719,126.67096710205078,32.775760650634766,32.16316223144531
2019-06-03,247.34219360351562,162.90382385253906,67.03462982177734,126.4189224243164,32.969322204589844,32.2923469543457
2019-06-04,252.71128845214844,167.49063110351562,66.92059326171875,129.25497436523438,32.97738265991211,32.71213150024414
2019-06-05,254.90020751953125,168.73545837402344,66.92059326171875,130.245361328125,32.73543930053711,32.695987701416016
2019-06-06,256.5577697753906,170.0761260986328,66.90425109863281,130.9746856689453,32.727378845214844,32.83322525024414
2019-06-07,259.1250915527344,173.36062622070312,67.0835189819336,132.1631317138672,32.96125411987305,33.22074508666992
2019-06-10,260.3143310546875,175.38108825683594,66.94499969482422,132.9014129638672,33.26771545410156,33.309539794921875
2019-06-11,260.251220703125,175.6205291748047,66.89607238769531,132.77540588378906,33.61452102661133,33.47100830078125
2019-06-12,259.79180908203125,174.60546875,67.01020812988281,132.59535217285156,33.25159454345703,33.2046012878418
2019-06-13,260.86383056640625,175.63966369628906,67.12420654296875,133.20755004882812,33.28384780883789,33.22074508666992
2019-06-14,260.5754699707031,174.89276123046875,67.13236999511719,132.91940307617188,32.872535705566406,32.994686126708984
2019-06-17,260.6746520996094,175.9460906982422,67.13236999511719,133.01614379882812,33.00978088378906,33.01918029785156
2019-06-18,263.40411376953125,178.50283813476562,67.28717803955078,134.4711151123047,33.75687026977539,33.47630310058594
2019-06-19,263.9986877441406,179.17315673828125,67.51530456542969,134.9319610595703,33.99235534667969,33.66405487060547
2019-06-20,266.52099609375,180.83934020996094,67.6211929321289,136.17002868652344,34.52019500732422,33.99057388305664
2019-06-21,266.1336364746094,180.57122802734375,67.43379974365234,136.1881103515625,34.38214111328125,33.86812973022461
2019-06-24,265.8077697753906,180.57696533203125,67.55606842041016,135.4290313720703,34.4065055847168,33.9171142578125
2019-06-25,263.2007751464844,177.47711181640625,67.58045196533203,134.14573669433594,34.032962799072266,33.73752212524414
2019-06-26,262.93817138671875,178.30250549316406,67.42565155029297,133.89273071289062,34.36589813232422,33.778343200683594
2019-06-27,263.87054443359375,178.98385620117188,67.6211929321289,134.69705200195312,34.56079864501953,33.85996627807617
2019-06-28,265.2284240722656,179.21421813964844,67.67823791503906,135.63687133789062,34.536434173583984,34.047725677490234
2019-07-01,267.63629150390625,181.63262939453125,67.67333221435547,136.5947723388672,35.031776428222656,34.20281219482422
2019-07-02,268.33331298828125,182.3524169921875,67.80402374267578,136.91110229492188,34.98305130004883,34.308929443359375
2019-07-03,270.4786682128906,183.7248077392578,67.92646789550781,137.94131469726562,35.02366256713867,34.48851013183594
2019-07-05,270.1707458496094,183.3505096435547,67.60801696777344,137.8599395751953,34.78005599975586,34.25178909301758
2019-07-08,268.68634033203125,182.06455993652344,67.59981536865234,137.1189422607422,34.642005920410156,34.047725677490234
2019-07-09,269.02130126953125,182.97618103027344,67.50996398925781,137.36294555664062,34.55268859863281,33.88445281982422
2019-07-10,270.3066711425781,184.79965209960938,67.56716918945312,137.92323303222656,34.78005599975586,34.031394958496094
2019-07-11,270.9402770996094,184.665283203125,67.34669494628906,138.113037109375,34.706974029541016,34.03956604003906
2019-07-12,272.15325927734375,185.73056030273438,67.40386962890625,138.81790161132812,34.706974029541016,34.08036422729492
2019-07-15,272.24383544921875,186.32554626464844,67.50183868408203,138.7274932861328,34.86936950683594,34.11302185058594
2019-07-16,271.36578369140625,185.36582946777344,67.41203308105469,138.37510681152344,34.804412841796875,33.95792007446289
2019-07-17,269.5191345214844,184.45411682128906,67.6162109375,137.46237182617188,34.72319030761719,33.89262390136719
2019-07-18,270.5058288574219,184.665283203125,67.73867797851562,137.9683837890625,34.94245529174805,33.99057388305664
2019-07-19,269.0031433105469,183.31210327148438,67.66515350341797,137.1822052001953,34.71507263183594,33.94160461425781
2019-07-22,269.6639709472656,184.77085876464844,67.73867797851562,137.50753784179688,34.67448043823242,33.974246978759766
2019-07-23,271.592041015625,185.98004150390625,67.68145751953125,138.42930603027344,34.67448043823242,34.17015838623047
2019-07-24,272.86834716796875,187.2852783203125,67.746826171875,139.27879333496094,34.78005599975586,34.17831039428711
2019-07-25,271.5649108886719,185.5098419189453,67.67333221435547,138.53778076171875,34.577030181884766,33.835479736328125
2019-07-26,273.3843688964844,187.419677734375,67.67333221435547,139.54087829589844,34.60951232910156,33.93343734741211
2019-07-29,272.8865051269531,186.77662658691406,67.71417999267578,139.20655822753906,34.60140609741211,33.92527389526367
2019-07-30,272.21661376953125,185.970458984375,67.6978530883789,139.07093811035156,34.26033020019531,33.56610870361328
2019-07-31,269.23846435546875,183.39852905273438,67.77950286865234,137.552734375,33.91114807128906,33.35386276245117
2019-08-01,266.8940124511719,182.4867706298828,68.26487731933594,136.27850341796875,33.29399871826172,33.223262786865234
2019-08-02,264.8843078613281,179.7996368408203,68.33036041259766,135.1759796142578,32.977294921875,32.96204376220703
2019-08-05,256.9184265136719,173.44639587402344,68.62503814697266,131.16354370117188,31.81607437133789,32.121246337890625
2019-08-06,260.52117919921875,175.87448120117188,68.79690551757812,132.87152099609375,32.31953430175781,32.34165573120117
2019-08-07,260.6750793457031,176.82455444335938,68.79690551757812,133.01614379882812,32.45759963989258,32.47226333618164
2019-08-08,265.78961181640625,180.6729278564453,68.85423278808594,135.54647827148438,32.879852294921875,32.806949615478516
2019-08-09,263.9792175292969,178.97425842285156,68.73141479492188,134.5795135498047,32.55503845214844,32.57021713256836
2019-08-12,260.7657165527344,176.92051696777344,69.0342788696289,132.91673278808594,32.189613342285156,32.29267883300781
2019-08-13,264.8209533691406,180.79771423339844,68.92789459228516,134.81448364257812,32.571285247802734,32.61103057861328
2019-08-14,256.9909973144531,175.3945770263672,69.1734390258789,130.9195556640625,31.66989517211914,31.72943115234375
2019-08-15,257.6697692871094,175.19305419921875,69.509033203125,131.16354370117188,31.84855079650879,31.794742584228516
2019-08-16,261.4717712402344,178.00497436523438,69.43534851074219,133.15171813964844,32.270816802978516,32.17023849487305
2019-08-19,264.6219177246094,180.83607482910156,69.21437072753906,134.733154296875,32.37638854980469,32.36613845825195
2019-08-20,262.59423828125,179.43490600585938,69.39443969726562,133.7029266357422,32.4332275390625,32.27635192871094
2019-08-21,264.7305603027344,181.02801513671875,69.36172485351562,134.8325653076172,32.684959411621094,32.545738220214844
2019-08-22,264.6489562988281,180.44259643554688,69.230712890625,134.71511840820312,32.352020263671875,32.43144989013672
2019-08-23,257.8509216308594,174.73240661621094,69.48445129394531,131.31715393066406,31.88915252685547,32.03146743774414
2019-08-26,260.7022705078125,177.3715362548828,69.44357299804688,132.64561462402344,32.0921630859375,32.30900955200195
2019-08-27,259.67938232421875,176.99729919433594,69.68092346191406,132.0311279296875,32.108402252197266,32.30085372924805
2019-08-28,261.5079345703125,177.6306610107422,69.70547485351562,132.97093200683594,32.23020935058594,32.30900955200195
2019-08-29,264.8481140136719,180.34666442871094,69.66453552246094,134.733154296875,32.603763580322266,32.562049865722656
2019-08-30,264.7305603027344,179.91477966308594,69.65633392333984,134.68797302246094,32.8067626953125,32.72531509399414
2019-09-03,263.1825866699219,178.16810607910156,69.72037506103516,133.81137084960938,32.6362419128418,32.594703674316406
2019-09-04,266.1697692871094,180.7401123046875,69.85159301757812,135.23922729492188,33.17218780517578,33.05183792114258
2019-09-05,269.5915222167969,184.05111694335938,69.49066162109375,137.04661560058594,33.42393112182617,33.32120132446289
2019-09-06,269.79974365234375,183.86874389648438,69.5727310180664,137.07376098632812,33.52948760986328,33.39468765258789
2019-09-09,269.9355163574219,183.4848175048828,69.25274658203125,137.15509033203125,33.61882781982422,33.45998764038086
2019-09-10,269.8721008300781,182.95701599121094,68.9000244140625,137.29061889648438,33.61882781982422,33.55793380737305
2019-09-11,271.7911682128906,184.6748809814453,68.85899353027344,138.41123962402344,33.87055206298828,33.762001037597656
2019-09-12,272.7326354980469,185.442626953125,68.72773742675781,138.8269805908203,34.081687927246094,33.94160461425781
2019-09-13,272.5516052246094,184.7804718017578,68.33399963378906,138.69134521484375,34.26033020019531,34.09669494628906
2019-09-16,271.7097473144531,183.95509338378906,68.51445770263672,138.40997314453125,33.984230041503906,33.851810455322266
2019-09-17,272.397705078125,184.83802795410156,68.67034912109375,138.74581909179688,34.024845123291016,33.98240280151367
2019-09-18,272.5606994628906,184.76124572753906,68.71953582763672,138.72767639160156,33.85430908203125,33.89262390136719
2019-09-19,272.5425720214844,185.06832885742188,68.81798553466797,138.63687133789062,33.6431770324707,34.031394958496094
2019-09-20,271.2547912597656,183.11058044433594,69.06412506103516,138.0286865234375,33.700016021728516,33.95792007446289
2019-09-23,271.1911926269531,183.19131469726562,69.11328125,138.1012725830078,33.82183074951172,33.90894317626953
2019-09-24,269.0632019042969,180.75840759277344,69.35118865966797,136.82122802734375,33.40985870361328,33.76514434814453
2019-09-25,270.6545715332031,182.78746032714844,69.02306365966797,137.68365478515625,33.442745208740234,33.70762634277344
2019-09-26,270.0906982421875,182.11434936523438,69.13794708251953,137.26608276367188,33.426300048828125,33.78157424926758
2019-09-27,268.6357116699219,179.85443115234375,69.21171569824219,136.4490203857422,33.00693893432617,33.63365936279297
2019-09-30,269.8816223144531,181.5662078857422,69.2609634399414,137.0845184326172,33.10560607910156,33.756927490234375
2019-10-01,266.6713562011719,180.08522033691406,69.32838439941406,135.2960662841797,32.875370025634766,33.45287322998047
2019-10-02,261.9608154296875,176.9888153076172,69.48455810546875,133.0990447998047,32.7191276550293,32.78728103637695
2019-10-03,264.1070251464844,178.93136596679688,69.71479034423828,134.17941284179688,33.11383056640625,33.01736068725586
2019-10-04,267.6808776855469,181.5662078857422,69.82984924316406,135.93153381347656,33.27006149291992,33.27210235595703
2019-10-07,266.5259704589844,181.01800537109375,69.64900207519531,135.39593505859375,33.015167236328125,33.231014251708984
2019-10-08,262.38818359375,178.30625915527344,69.6818618774414,133.2080078125,32.73557662963867,32.91875457763672
2019-10-09,264.8800048828125,180.04681396484375,69.59967041015625,134.43359375,32.982276916503906,33.18170928955078
2019-10-10,266.6713562011719,181.44119262695312,69.38591766357422,135.2960662841797,33.335845947265625,33.39535903930664
2019-10-11,269.4360656738281,183.77792358398438,69.13107299804688,136.74864196777344,33.77989959716797,33.96236038208008
2019-10-14,269.1358642578125,183.75869750976562,69.24615478515625,136.62152099609375,33.70588684082031,33.83910369873047
2019-10-15,271.80047607421875,186.0955047607422,69.0653076171875,137.96511840820312,33.936134338378906,34.21709060668945
2019-10-16,271.3639831542969,185.6339111328125,69.13929748535156,137.71087646484375,34.026588439941406,34.24174499511719
2019-10-17,272.16424560546875,186.12432861328125,69.13929748535156,138.1648406982422,34.13347625732422,34.33213806152344
2019-10-18,270.972900390625,184.33570861816406,69.17216491699219,137.611083984375,34.04303741455078,34.29104995727539
2019-10-21,272.8098449707031,185.970458984375,69.00772857666016,138.5098419189453,34.28971481323242,34.504695892333984
2019-10-22,271.918701171875,184.489501953125,69.13107299804688,138.0922088623047,34.26505661010742,34.42252731323242
2019-10-23,272.70977783203125,184.8453369140625,69.1639633178711,138.37362670898438,34.281497955322266,34.586875915527344
2019-10-24,273.15545654296875,186.64364624023438,69.17216491699219,138.75494384765625,34.322601318359375,34.64440155029297
2019-10-25,274.2740478515625,188.13414001464844,69.05708312988281,139.3087158203125,34.478843688964844,34.66904830932617
2019-10-28,275.82000732421875,189.99012756347656,68.90908813476562,140.15301513671875,34.75019836425781,34.82517623901367
2019-10-29,275.7381286621094,188.51878356933594,68.92555236816406,140.12576293945312,34.55284881591797,34.78409194946289
2019-10-30,276.58380126953125,189.43235778808594,69.14752197265625,140.46168518066406,34.684417724609375,34.92378616333008
2019-10-31,275.84722900390625,189.51890563964844,69.47637939453125,139.97140502929688,34.41305160522461,34.84162139892578
2019-11-01,278.4026794433594,191.24020385742188,69.41455078125,141.4693603515625,34.947547912597656,35.153873443603516
2019-11-04,279.521240234375,192.4230499267578,69.21684265136719,141.9868621826172,35.20245361328125,35.342872619628906
2019-11-05,279.2120056152344,192.52883911132812,68.9778823852539,141.85975646972656,35.375152587890625,35.33465576171875
2019-11-06,279.27569580078125,192.09608459472656,69.1261978149414,141.79617309570312,35.317588806152344,35.301788330078125
2019-11-07,280.25787353515625,192.74037170410156,68.77189636230469,142.27735900878906,35.556060791015625,35.457923889160156
2019-11-08,280.948974609375,193.5096435546875,68.70598602294922,142.67684936523438,35.2353630065918,35.38396072387695
2019-11-11,280.4123840332031,193.2500457763672,68.74720001220703,142.3953857421875,35.03801727294922,35.35109329223633
2019-11-12,281.0036315917969,193.80780029296875,68.78836822509766,142.64048767089844,34.77488327026367,35.35930252075195
2019-11-13,281.0945129394531,193.8558807373047,68.9119644165039,142.70404052734375,34.55284881591797,35.2442626953125
2019-11-14,281.5036926269531,193.70204162597656,69.1097412109375,142.8493194580078,34.536407470703125,35.2196044921875
2019-11-15,283.54083251953125,195.1251983642578,69.08500671386719,143.938720703125,34.76665496826172,35.433265686035156
2019-11-18,283.74993896484375,195.27908325195312,69.1838607788086,144.0204315185547,34.758419036865234,35.47434997558594
2019-11-19,283.6680908203125,195.56759643554688,69.25801086425781,144.06581115722656,34.881771087646484,35.40860366821289
2019-11-20,282.6131591796875,194.39439392089844,69.447509765625,143.6119384765625,34.75019836425781,35.19496536254883
2019-11-21,282.1584777832031,193.96165466308594,69.33219146728516,143.24874877929688,34.79132080078125,35.145660400390625
2019-11-22,282.78594970703125,194.0866241455078,69.37336730957031,143.5664825439453,34.72553634643555,35.18674087524414
2019-11-25,284.97760009765625,196.38497924804688,69.43929290771484,144.9282684326172,35.03801727294922,35.457923889160156
2019-11-26,285.623291015625,196.75999450683594,69.55463409423828,145.23696899414062,34.89822006225586,35.48257064819336
2019-11-27,286.89642333984375,198.13516235351562,69.447509765625,145.92694091796875,35.00511169433594,35.5811767578125
2019-11-29,285.83245849609375,197.231201171875,69.447509765625,145.27325439453125,34.58574676513672,35.31000518798828
2019-12-02,283.40435791015625,195.2117919921875,69.26588439941406,143.95692443847656,34.593955993652344,35.153873443603516
2019-12-03,281.5036926269531,193.6827850341797,69.63743591308594,143.10348510742188,34.45418167114258,35.02239227294922
2019-12-04,283.2406921386719,194.6636505126953,69.49708557128906,144.0294952392578,34.758419036865234,35.3264274597168
2019-12-05,283.74993896484375,195.04827880859375,69.42276763916016,144.23829650878906,34.9393310546875,35.29357147216797
2019-12-06,286.34173583984375,197.13507080078125,69.3319320678711,145.5183563232422,35.07090377807617,35.59761047363281
2019-12-09,285.4413757324219,196.24075317382812,69.34842681884766,145.0553741455078,34.9393310546875,35.40860366821289
2019-12-10,285.1231384277344,196.07723999023438,69.29888916015625,144.9282684326172,35.01333999633789,35.44148254394531
2019-12-11,285.9324645996094,197.11578369140625,69.53009796142578,145.27325439453125,35.4820442199707,35.63870620727539
2019-12-12,288.39697265625,198.5870819091797,69.19982147216797,146.46250915527344,35.967201232910156,35.918094635009766
2019-12-13,288.5697326660156,199.24102783203125,69.51361083984375,146.46250915527344,35.926082611083984,36.12352752685547
2019-12-16,290.55218505859375,201.24124145507812,69.32364654541016,147.5338134765625,36.2303352355957,36.4850959777832
2019-12-17,290.61590576171875,201.35662841796875,69.3319320678711,147.58824157714844,36.50168991088867,36.353614807128906
2019-12-18,290.6340026855469,201.51051330566406,69.24109649658203,147.6518096923828,36.69904327392578,36.263221740722656
2019-12-19,291.8253479003906,202.77024841308594,69.29061889648438,148.29640197753906,36.72371292114258,36.29608917236328
2019-12-20,293.104736328125,203.5876007080078,69.3071517944336,149.05899047851562,36.7566032409668,36.353614807128906
2019-12-23,293.5526123046875,204.1253662109375,69.26326751708984,149.1497344970703,36.822391510009766,36.40340805053711
2019-12-24,293.5617980957031,204.2313690185547,69.32949829101562,149.18260192871094,36.78908157348633,36.370208740234375
2019-12-26,295.12445068359375,206.0334930419922,69.39571380615234,149.9036865234375,37.09718704223633,36.53620529174805
2019-12-27,295.05133056640625,205.8600616455078,69.49503326416016,149.76678466796875,37.14713668823242,36.63581848144531
2019-12-30,293.4245910644531,204.51089477539062,69.47014617919922,148.95443725585938,36.938961029052734,36.370208740234375
2019-12-31,294.1374206542969,204.8963623046875,69.39571380615234,149.34690856933594,37.03056335449219,36.56940460205078
2020-01-02,296.8880920410156,208.3175811767578,69.48672485351562,150.58828735351562,37.91322708129883,36.868202209472656
2020-01-03,294.6400451660156,206.4093475341797,69.7349853515625,149.62985229492188,37.23873519897461,36.420013427734375
2020-01-06,295.7641296386719,207.7393035888672,69.6522445678711,150.14100646972656,37.1721305847168,36.54450225830078
2020-01-07,294.9325866699219,207.71041870117188,69.5943374633789,149.78504943847656,37.15546798706055,36.486412048339844
2020-01-08,296.5043640136719,209.2716522216797,69.48672485351562,150.52438354492188,37.32200622558594,36.53620529174805
2020-01-09,298.5148620605469,211.04486083984375,69.56950378417969,151.4645538330078,37.5135383605957,36.68560791015625
2020-01-10,297.65582275390625,210.50521850585938,69.68534088134766,151.0264129638672,37.69673156738281,36.56110382080078
2020-01-13,299.702880859375,212.9337615966797,69.64399719238281,152.05780029296875,38.21300506591797,36.776912689208984
2020-01-14,299.24603271484375,212.09535217285156,69.74329376220703,151.97567749023438,38.03813552856445,36.801815032958984
2020-01-15,299.9222106933594,212.1820526123047,69.85086822509766,152.34994506835938,37.79665756225586,36.776912689208984
2020-01-16,302.4171447753906,214.21551513671875,69.8094711303711,153.6551971435547,37.988182067871094,36.97610855102539
2020-01-17,303.35833740234375,215.27557373046875,69.80120086669922,154.0384979248047,38.22966003417969,37.06739807128906
2020-01-21,302.7643127441406,215.17926025390625,69.9749526977539,153.7099151611328,37.28037643432617,36.76860046386719
2020-01-22,302.8009033203125,215.74781799316406,70.03289031982422,153.80125427246094,37.505210876464844,36.85989761352539
2020-01-23,303.148193359375,216.4417266845703,70.15702819824219,153.97463989257812,37.16379928588867,36.76860046386719
2020-01-24,300.4522705078125,214.62022399902344,70.2646255493164,152.5142059326172,36.88067626953125,36.627506256103516
2020-01-27,295.6361389160156,210.18714904785156,70.49630737304688,150.22317504882812,35.63993453979492,35.855613708496094
2020-01-28,298.7342834472656,213.41563415527344,70.37218475341797,151.67442321777344,35.93970489501953,36.16271209716797
2020-01-29,298.4873962402344,213.76255798339844,70.57076263427734,151.57408142089844,36.10625457763672,36.171016693115234
2020-01-30,299.4561767578125,214.5238800048828,70.58737182617188,151.93914794921875,35.614959716796875,36.088016510009766
2020-01-31,294.01861572265625,211.12196350097656,70.76940155029297,149.25567626953125,34.98209762573242,35.473819732666016
2020-02-03,296.2026672363281,214.31190490722656,70.70555114746094,150.57000732421875,35.23191833496094,35.59831619262695
2020-02-04,300.71734619140625,219.21722412109375,70.4898910522461,152.9431915283203,36.07295227050781,36.171016693115234
2020-02-05,304.1898498535156,219.9399871826172,70.37381744384766,154.44931030273438,36.27281188964844,36.51960372924805
2020-02-06,305.2135314941406,221.83856201171875,70.44013214111328,154.8782501220703,36.256141662597656,36.644107818603516
2020-02-07,303.5867919921875,220.8844451904297,70.65576934814453,153.9928741455078,35.764854431152344,36.2872200012207
2020-02-10,305.85321044921875,223.553955078125,70.76360321044922,155.12472534179688,35.98967361450195,36.370208740234375
2020-02-11,306.38330078125,223.59249877929688,70.64746856689453,155.55369567871094,36.44766616821289,36.61920928955078
2020-02-12,308.3572692871094,225.77049255371094,70.56456756591797,156.53038024902344,36.91398620605469,36.76860046386719
2020-02-13,308.0281677246094,225.4813995361328,70.63091278076172,156.4664764404297,36.52261734008789,36.503013610839844
2020-02-14,308.52166748046875,226.12704467773438,70.70555114746094,156.72206115722656,36.44766616821289,36.47810745239258
2020-02-18,307.72662353515625,226.21380615234375,70.81334686279297,156.35696411132812,36.32276153564453,36.2291145324707
2020-02-19,309.1979675292969,228.3822021484375,70.8050537109375,157.1510772705078,36.622528076171875,36.378501892089844
2020-02-20,307.9277648925781,226.2620086669922,70.97918701171875,156.6763916015625,36.12290573120117,36.112911224365234
2020-02-21,304.7566223144531,221.9156494140625,71.15338134765625,155.06996154785156,35.98967361450195,35.94691467285156
2020-02-24,294.64923095703125,213.3577880859375,71.37727355957031,149.9676055908203,34.72395324707031,34.54422378540039
2020-02-25,285.7207336425781,207.5561981201172,71.43534088134766,145.38551330566406,34.44916915893555,33.954925537109375
2020-02-26,284.6697998046875,208.62594604492188,71.39382934570312,144.58230590820312,34.66566848754883,33.979827880859375
2020-02-27,271.884765625,198.17922973632812,71.47675323486328,138.2476806640625,33.832969665527344,32.942344665527344
2020-02-28,270.7424011230469,198.33343505859375,71.94947052001953,137.316650390625,33.74135971069336,32.75975036621094
2020-03-02,282.4673767089844,208.56808471679688,71.90211486816406,143.00318908691406,34.390872955322266,33.19134521484375
2020-03-03,274.37969970703125,201.87991333007812,72.33419036865234,139.31561279296875,34.224334716796875,32.92573928833008
2020-03-04,285.91265869140625,210.30282592773438,72.31758880615234,144.8834991455078,34.70730972290039,33.8304328918457
2020-03-05,276.408447265625,203.9133758544922,72.59176635742188,140.05491638183594,34.041133880615234,32.942344665527344
2020-03-06,271.8390808105469,200.47286987304688,73.09037017822266,137.4535675048828,33.39995193481445,32.460941314697266
2020-03-09,250.6099395751953,186.54713439941406,72.9324722290039,126.4181900024414,30.9101505279541,29.821575164794922
2020-03-10,263.5776062011719,196.70474243164062,71.95196533203125,132.6889190673828,32.467323303222656,30.93377113342285
2020-03-11,250.7286834716797,188.13726806640625,70.5892105102539,125.97095489501953,31.06004524230957,29.323585510253906
2020-03-12,226.73973083496094,170.88668823242188,66.75019073486328,113.72163391113281,27.937381744384766,26.045124053955078
2020-03-13,246.12283325195312,185.36175537109375,69.56712341308594,124.07240295410156,29.894248962402344,27.688499450683594
2020-03-16,219.19114685058594,163.15765380859375,70.29837036132812,109.95189666748047,26.280290603637695,24.692232131958008
2020-03-17,231.02572631835938,175.53176879882812,68.8442153930664,115.46500396728516,27.92905616760254,25.812725067138672
2020-03-18,219.32823181152344,170.1928253173828,67.18228912353516,108.81095123291016,25.655757904052734,24.27724266052246
2020-03-19,219.7943115234375,171.21435546875,67.1407699584961,109.6141586303711,25.797325134277344,24.634132385253906
2020-03-20,210.3224639892578,164.50685119628906,68.27919006347656,105.1416244506836,25.91390037536621,24.410036087036133
2020-03-23,204.9448699951172,164.6256866455078,69.79149627685547,102.1477279663086,25.41167449951172,23.994020462036133
2020-03-24,223.51351928710938,177.3738555908203,69.86626434326172,111.8413314819336,27.013456344604492,26.128299713134766
2020-03-25,226.859619140625,176.06040954589844,70.80525970458984,113.3838882446289,27.897775650024414,27.070392608642578
2020-03-26,240.10586547851562,185.331787109375,71.12931823730469,120.26732635498047,29.02404022216797,28.22089958190918
2020-03-27,232.95419311523438,178.9577178955078,71.51153564453125,116.43299102783203,27.45561981201172,27.353851318359375
2020-03-30,240.51956176757812,185.46702575683594,71.58635711669922,119.96459197998047,27.85606575012207,27.912433624267578
2020-03-31,236.93443298339844,183.88316345214844,70.92159271240234,118.249267578125,27.989545822143555,27.795705795288086
2020-04-01,226.271240234375,176.07009887695312,71.2879867553711,112.79132080078125,26.996774673461914,26.56182861328125
2020-04-02,231.4925537109375,179.64344787597656,71.6211166381836,115.13961029052734,27.78932762145996,27.070392608642578
2020-04-03,228.14654541015625,177.09376525878906,71.58782196044922,113.17658996582031,27.255395889282227,26.53681755065918
2020-04-06,243.47021484375,189.7550811767578,71.81269836425781,121.09288024902344,28.59855842590332,27.962451934814453
2020-04-07,243.71852111816406,189.67782592773438,71.87932586669922,121.2304916381836,28.76540756225586,28.120853424072266
2020-04-08,251.899658203125,193.70509338378906,72.06254577636719,125.48675537109375,29.099124908447266,28.387638092041016
2020-04-09,255.7329864501953,193.98513793945312,72.85369873046875,127.83507537841797,29.049060821533203,28.996240615844727
2020-04-13,253.39813232421875,196.08087158203125,72.6204833984375,126.31234741210938,29.15752410888672,28.762805938720703
2020-04-14,260.8714904785156,204.60865783691406,72.6204833984375,130.14663696289062,29.741506576538086,29.279706954956055
2020-04-15,255.32850646972656,202.2617950439453,72.97862243652344,127.09202575683594,29.082439422607422,28.32928466796875
2020-04-16,256.56024169921875,205.95108032226562,73.02024841308594,127.68827819824219,29.24929428100586,28.362634658813477
2020-04-17,263.4913330078125,207.92123413085938,72.92032623291016,131.30239868164062,29.724815368652344,29.16298484802246
2020-04-20,258.8492126464844,205.4585418701172,72.8037338256836,129.17428588867188,29.507905960083008,28.73780059814453
2020-04-21,250.98971557617188,197.87716674804688,72.89535522460938,125.16571044921875,28.690330505371094,28.1458683013916
2020-04-22,256.56024169921875,203.7490997314453,72.83702087402344,127.9909896850586,29.432823181152344,28.67110252380371
2020-04-23,256.54193115234375,203.31455993652344,72.9536361694336,128.00933837890625,29.316030502319336,28.62108039855957
2020-04-24,260.11773681640625,206.52088928222656,72.92864227294922,129.91732788085938,29.274316787719727,28.929550170898438
2020-04-27,263.8682556152344,208.18199157714844,72.67045593261719,132.21974182128906,29.824928283691406,29.329729080200195
2020-04-28,262.6548767089844,204.26095581054688,72.88702392578125,131.80697631835938,29.9000186920166,29.563161849975586
2020-04-29,269.5307312011719,211.50428771972656,72.93694305419922,135.54039001464844,30.709247589111328,30.346847534179688
2020-04-30,267.021240234375,211.4173583984375,72.87870788574219,133.77914428710938,30.17531967163086,29.746583938598633
2020-05-01,259.9523010253906,205.4585418701172,72.84862518310547,130.0824432373047,29.165863037109375,29.08795166015625
2020-05-04,260.66925048828125,207.85366821289062,72.92377471923828,130.5777587890625,29.532943725585938,29.112966537475586
2020-05-05,263.07769775390625,210.210205078125,72.85694885253906,131.7886199951172,29.666414260864258,29.187999725341797
2020-05-06,261.2943420410156,211.50428771972656,72.53154754638672,131.06396484375,29.591341018676758,29.01292610168457
2020-05-07,264.44732666015625,214.22775268554688,72.76516723632812,132.779296875,29.783214569091797,29.454784393310547
2020-05-08,268.822998046875,217.16372680664062,72.55656433105469,135.2743682861328,30.45062828063965,29.929994583129883
2020-05-11,268.8781433105469,219.1049346923828,72.33125305175781,135.29269409179688,30.300460815429688,29.921659469604492
2020-05-12,263.51898193359375,214.5174560546875,72.56487274169922,132.412353515625,30.20868682861328,29.5214786529541
2020-05-13,258.85845947265625,211.83267211914062,72.64836883544922,129.75222778320312,30.116918563842773,29.271366119384766
2020-05-14,261.95623779296875,214.23741149902344,72.84862518310547,131.14651489257812,30.20868682861328,29.05460548400879
2020-05-15,263.1605224609375,215.6281280517578,72.89036560058594,131.93540954589844,29.83326530456543,29.062944412231445
2020-05-18,271.1762390136719,219.6457061767578,72.7568359375,136.31094360351562,30.95952796936035,30.221786499023438
2020-05-19,268.3909606933594,219.09527587890625,72.84862518310547,134.861572265625,30.650846481323242,29.896650314331055
2020-05-20,272.9504089355469,223.47023010253906,73.04059600830078,137.35667419433594,31.034610748291016,30.438549041748047
2020-05-21,271.06591796875,221.03643798828125,73.11563873291016,136.5310516357422,30.71759033203125,30.105085372924805
2020-05-22,271.5806884765625,221.7993927001953,73.14068603515625,136.9163055419922,30.133604049682617,30.021705627441406
2020-05-26,274.9267883300781,221.2006072998047,73.0989761352539,138.8242950439453,30.801015853881836,30.913768768310547
2020-05-27,279.01739501953125,222.40786743164062,73.13235473632812,141.01663208007812,30.834386825561523,31.238910675048828
2020-05-28,278.50262451171875,222.11814880371094,73.15737915039062,140.53045654296875,30.634172439575195,31.447336196899414
2020-05-29,279.7435607910156,225.37278747558594,73.36599731445312,140.9983367919922,31.16810417175293,31.405649185180664
2020-06-01,280.8741455078125,226.04881286621094,73.30662536621094,141.95233154296875,31.877214431762695,32.08928680419922
2020-06-02,283.1999206542969,227.5651092529297,73.36518096923828,143.0255584716797,32.619720458984375,32.439449310302734
2020-06-03,286.96881103515625,228.58883666992188,73.19796752929688,145.25460815429688,33.253753662109375,33.18977737426758
2020-06-04,286.2150573730469,226.98561096191406,73.02237701416016,144.7959747314453,32.83662796020508,33.006370544433594
2020-06-05,293.5505065917969,231.4861297607422,73.01399993896484,148.51095581054688,33.59580612182617,33.65666198730469
2020-06-08,297.09881591796875,233.28248596191406,73.08927154541016,150.52906799316406,33.86276626586914,34.05683517456055
2020-06-09,294.8834533691406,234.9725799560547,73.13946533203125,149.15310668945312,33.679222106933594,33.61497116088867
2020-06-10,293.23809814453125,237.79263305664062,73.44876861572266,148.04315185546875,33.8460807800293,33.55662155151367
2020-06-11,276.3331604003906,226.01016235351562,73.31503295898438,139.31048583984375,32.1191520690918,31.714126586914062
2020-06-12,279.6424560546875,227.80653381347656,73.3902587890625,141.23678588867188,32.853309631347656,32.25603103637695
2020-06-15,282.2530822753906,230.5782928466797,73.54074096679688,142.75039672851562,32.71982955932617,32.3560791015625
2020-06-16,287.6858215332031,234.53790283203125,73.44876861572266,145.49307250976562,32.84496307373047,32.78960037231445
2020-06-17,286.4908752441406,235.28158569335938,73.46548461914062,144.78675842285156,33.14530563354492,32.8646354675293
2020-06-18,286.60107421875,235.9190216064453,73.5490951538086,144.90602111816406,33.15364456176758,32.714569091796875
2020-06-19,284.9632873535156,235.88035583496094,73.57418823242188,144.0896453857422,33.2120361328125,32.56450271606445
2020-06-22,286.7912902832031,238.70921325683594,73.5490951538086,145.08950805664062,33.57230758666992,32.939903259277344
2020-06-23,288.11163330078125,240.7408447265625,73.5156478881836,145.65817260742188,33.90744400024414,33.099117279052734
2020-06-24,280.76220703125,235.77786254882812,73.52401733398438,141.7046356201172,33.396366119384766,32.28630065917969
2020-06-25,283.7721862792969,238.02232360839844,73.59929656982422,143.41859436035156,33.538795471191406,32.713653564453125
2020-06-26,277.0321960449219,232.40142822265625,73.73303985595703,140.0828399658203,33.136634826660156,32.219276428222656
2020-06-29,281.1038513183594,234.93612670898438,73.78321838378906,142.13772583007812,33.35447311401367,32.51254653930664
2020-06-30,284.7046813964844,239.54124450683594,73.85845184326172,144.2387237548828,33.1869010925293,32.50417709350586
2020-07-01,286.69891357421875,242.33714294433594,73.87687683105469,145.0772247314453,33.63096618652344,32.613101959228516
2020-07-02,288.27783203125,243.98182678222656,73.99417877197266,145.6577911376953,34.42689895629883,32.939903259277344
2020-07-06,292.7279968261719,249.9800262451172,73.96903991699219,147.9522247314453,35.94339370727539,33.49295425415039
2020-07-07,289.70892333984375,248.25796508789062,74.08624267578125,146.45022583007812,35.37367248535156,33.032073974609375
2020-07-08,291.9247741699219,251.52792358398438,74.04437255859375,147.64816284179688,36.32042694091797,33.30022048950195
2020-07-09,290.2628173828125,253.6466522216797,74.24544525146484,146.73593139648438,36.34556579589844,32.91476058959961
2020-07-10,293.2265625,255.37844848632812,74.16170501708984,148.3116455078125,36.09421157836914,33.224815368652344
2020-07-13,290.6875,250.12518310546875,74.19519805908203,146.708251953125,35.91826248168945,33.04883575439453
2020-07-14,294.45458984375,251.8955535888672,74.28730773925781,148.6341552734375,35.935028076171875,33.509708404541016
2020-07-15,297.1597900390625,252.40834045410156,74.29568481445312,150.47708129882812,35.96854019165039,33.88678741455078
2020-07-16,296.18115234375,250.68624877929688,74.34590911865234,149.804443359375,35.45745086669922,33.67730712890625
2020-07-17,297.0397644042969,250.9765167236328,74.42131042480469,150.37574768066406,35.61664581298828,33.84489822387695
2020-07-20,299.4402770996094,258.09698486328125,74.49673461914062,151.52757263183594,36.11935043334961,34.037620544433594
2020-07-21,300.077392578125,255.40737915039062,74.53858184814453,151.960693359375,36.387454986572266,34.17169189453125
2020-07-22,301.78546142578125,256.3071594238281,74.6390609741211,152.753173828125,36.26177978515625,34.26387023925781
2020-07-23,298.18463134765625,249.61241149902344,74.70613861083984,151.08529663085938,36.0188102722168,33.97896194458008
2020-07-24,296.26422119140625,247.24215698242188,74.68934631347656,149.91497802734375,35.926639556884766,33.81137466430664
2020-07-27,298.42474365234375,251.65370178222656,74.6390609741211,151.20506286621094,36.429359436035156,34.2806282043457
2020-07-28,296.531982421875,248.45143127441406,74.672607421875,150.09927368164062,36.035560607910156,34.12141799926758
2020-07-29,300.1789245605469,251.3150634765625,74.78987121582031,152.08970642089844,36.67232131958008,34.48174285888672
2020-07-30,299.1079406738281,252.63082885742188,74.83170318603516,151.7487335205078,36.24502944946289,34.02085876464844
2020-07-31,301.4715576171875,257.13922119140625,74.9322509765625,152.52276611328125,36.035560607910156,33.35888671875
2020-08-03,303.5674743652344,260.6124267578125,74.90623474121094,153.84971618652344,36.31205749511719,33.937068939208984
2020-08-04,304.73992919921875,261.579833984375,75.065673828125,154.45787048339844,36.722591400146484,34.20521926879883
2020-08-05,306.6326904296875,262.22796630859375,74.96498107910156,155.58209228515625,37.099632263183594,34.38956832885742
2020-08-06,308.68243408203125,265.7010803222656,75.08245086669922,156.337646484375,37.14989471435547,34.46497344970703
2020-08-07,308.9039611816406,262.6343078613281,74.99853515625,156.4667205810547,36.39583969116211,34.32252883911133
2020-08-10,309.82733154296875,261.5120849609375,74.91464233398438,156.89981079101562,36.387454986572266,34.45660400390625
2020-08-11,307.26971435546875,256.5586853027344,74.65450286865234,155.63734436035156,36.25340270996094,34.59905242919922
2020-08-12,311.5538024902344,263.0115661621094,74.46149444580078,157.71987915039062,36.69746017456055,35.286170959472656
2020-08-13,310.99066162109375,263.6114501953125,74.21815490722656,157.60012817382812,36.555030822753906,35.135337829589844
2020-08-14,310.9998779296875,263.3018493652344,74.13427734375,157.55406188964844,36.60529327392578,34.9174690246582
2020-08-17,311.9878234863281,266.3589782714844,74.2265625,158.22671508789062,36.99908447265625,35.18561935424805
2020-08-18,312.6617126464844,268.92279052734375,74.32726287841797,158.46629333496094,37.133140563964844,35.177242279052734
2020-08-19,311.35992431640625,267.1136474609375,74.2013931274414,157.84890747070312,36.70584487915039,34.98451614379883
2020-08-20,312.3293762207031,270.8189697265625,74.32726287841797,158.30044555664062,36.60529327392578,34.875579833984375
2020-08-21,313.4373474121094,272.6958312988281,74.48667907714844,158.6966552734375,36.839881896972656,34.69122314453125
2020-08-24,316.6134033203125,274.3985900878906,74.40278625488281,160.21707153320312,37.20854568481445,35.11020278930664
2020-08-25,317.7214660644531,276.5559387207031,74.2601318359375,160.75155639648438,37.552059173583984,35.18561935424805
2020-08-26,320.9067077636719,282.4573974609375,74.21815490722656,162.20748901367188,37.585575103759766,35.44537353515625
2020-08-27,321.6083984375,281.5770263671875,73.94970703125,162.59451293945312,37.36772918701172,35.08505630493164
2020-08-28,323.685791015625,283.0088195800781,74.0083999633789,163.7279052734375,37.82017135620117,35.32805633544922
2020-08-31,322.5132751464844,285.2823791503906,74.2265625,163.3593292236328,37.02421951293945,35.08505630493164
2020-09-01,325.55078125,290.1583557128906,74.43084716796875,164.80606079101562,37.7698860168457,35.135337829589844
2020-09-02,330.2595520019531,292.9059143066406,74.59053039550781,167.00839233398438,37.66936111450195,35.56269073486328
2020-09-03,318.8939208984375,278.0555725097656,74.59894561767578,161.2030792236328,37.0074577331543,34.758262634277344
2020-09-04,316.290283203125,274.3501281738281,74.16187286376953,159.830078125,36.940433502197266,34.82530212402344
2020-09-08,307.6482849121094,261.163818359375,74.27112579345703,155.342529296875,36.25340270996094,34.397945404052734
2020-09-09,313.72357177734375,268.8356628417969,74.220703125,158.38340759277344,36.722591400146484,34.99288558959961
2020-09-10,308.2761535644531,263.47601318359375,74.23753356933594,155.78477478027344,36.169620513916016,34.60742950439453
2020-09-11,308.43304443359375,261.64752197265625,74.31317138671875,155.84005737304688,36.43772888183594,34.92584991455078
2020-09-14,312.4955749511719,266.2041931152344,74.31317138671875,158.2727813720703,37.04097366333008,35.16048049926758
2020-09-15,314.074462890625,269.97735595703125,74.35517120361328,159.1758270263672,37.45988082885742,35.37834930419922
2020-09-16,312.8279724121094,265.6721496582031,74.33837127685547,158.65057373046875,37.32583999633789,35.37834930419922
2020-09-17,310.0766296386719,261.5216979980469,74.33837127685547,157.34210205078125,37.258811950683594,35.42862319946289
2020-09-18,306.5068054199219,258.1839904785156,74.25433349609375,155.8124542236328,36.96556854248047,35.177242279052734
2020-09-21,303.09552001953125,258.8032531738281,74.2963638305664,153.93264770507812,36.65762710571289,34.318843841552734
2020-09-22,306.182373046875,263.6114501953125,74.3215560913086,155.46226501464844,36.33613586425781,34.31041717529297
2020-09-23,299.0816955566406,255.5622100830078,74.1534652709961,151.7118682861328,35.76931381225586,33.95661926269531
2020-09-24,299.8788146972656,256.7522277832031,74.16187286376953,152.0343780517578,35.667789459228516,33.90607833862305
2020-09-25,304.72698974609375,262.72137451171875,74.1534652709961,154.48077392578125,35.659324645996094,34.032440185546875
2020-09-28,309.7882995605469,268.1778869628906,74.220703125,157.28428649902344,36.01465606689453,34.58840560913086
2020-09-29,308.1011962890625,266.96856689453125,74.27112579345703,156.40533447265625,35.99774169921875,34.537864685058594
2020-09-30,310.4371337890625,268.7969055175781,74.1534652709961,157.5803985595703,36.58148193359375,34.45362854003906
2020-10-01,312.4302062988281,273.0634765625,74.22920989990234,158.89427185058594,36.90297317504883,34.65579605102539
2020-10-02,309.46392822265625,265.3818664550781,74.1787109375,157.65440368652344,36.49687194824219,34.57999038696289
2020-10-05,314.9515686035156,271.0414733886719,73.90083312988281,160.49493408203125,36.97064971923828,35.119110107421875
2020-10-06,310.4742736816406,266.2041931152344,74.00186920166016,158.514892578125,37.080623626708984,34.75688552856445
2020-10-07,315.8785705566406,270.80926513671875,73.90083312988281,161.28140258789062,37.427490234375,35.08541488647461
2020-10-08,318.6780700683594,272.250732421875,74.02715301513672,162.69703674316406,37.70667266845703,35.346561431884766
2020-10-09,321.5238952636719,276.4107971191406,74.04396057128906,164.06642150878906,37.968936920166016,35.58242416381836
2020-10-12,326.6964416503906,284.94378662109375,74.1534652709961,166.49984741210938,38.341182708740234,35.75932693481445
2020-10-13,324.56439208984375,284.93402099609375,74.21239471435547,165.62081909179688,38.171974182128906,35.3634033203125
2020-10-14,322.5250244140625,282.5541687011719,74.25450134277344,164.519775390625,38.002769470214844,35.28759002685547
2020-10-15,322.12646484375,280.65789794921875,74.21239471435547,164.57530212402344,37.698219299316406,34.900089263916016
2020-10-16,321.9318542480469,279.11968994140625,74.1534652709961,164.27923583984375,37.85049819946289,35.00959777832031
2020-10-19,317.0372619628906,274.56298828125,74.08609008789062,161.9290313720703,37.732051849365234,34.857975006103516
2020-10-20,318.3072204589844,275.1531677246094,73.95979309082031,162.49346923828125,38.112762451171875,35.051719665527344
2020-10-21,317.7047119140625,274.94036865234375,73.8755874633789,161.9383087158203,38.18890380859375,34.93378829956055
2020-10-22,319.447509765625,274.9305725097656,73.74928283691406,163.08563232421875,38.197357177734375,34.96747589111328
2020-10-23,320.53204345703125,275.4724426269531,73.8418960571289,163.6222686767578,38.37501525878906,35.16123580932617
2020-10-26,314.60858154296875,271.3413391113281,73.95137786865234,160.6522674560547,37.87588119506836,34.50416946411133
2020-10-27,313.5240783691406,273.4600830078125,74.1281967163086,160.0045623779297,38.011234283447266,34.2430305480957
2020-10-28,302.8080749511719,262.79876708984375,74.02715301513672,154.7028350830078,37.0637092590332,33.240596771240234
2020-10-29,305.88568115234375,267.3941650390625,73.86719512939453,156.1647491455078,37.45286560058594,33.40065383911133
2020-10-30,302.6968994140625,260.6124267578125,73.7408676147461,154.50851440429688,37.0637092590332,33.2321662902832
2020-11-02,306.089599609375,261.19287109375,73.84292602539062,156.11846923828125,37.537471771240234,33.63652038574219
2020-11-03,311.4939880371094,265.7108154296875,73.8260498046875,159.11630249023438,37.63898849487305,34.495758056640625
2020-11-04,318.4556579589844,277.5718688964844,74.3321304321289,162.5860137939453,38.848785400390625,34.84954071044922
2020-11-05,324.66632080078125,284.80828857421875,74.40804290771484,165.9447021484375,39.508670806884766,35.69194030761719
2020-11-06,324.5922546386719,285.02117919921875,74.23931884765625,165.86143493652344,39.65250015258789,35.76775360107422
2020-11-09,328.67095947265625,279.1971130371094,73.89351654052734,167.83224487304688,39.94860076904297,36.74491500854492
2020-11-10,328.18890380859375,274.1954040527344,73.75013732910156,167.55467224121094,39.50022506713867,37.01448059082031
2020-11-11,330.6268615722656,280.32904052734375,73.80075073242188,168.91476440429688,39.66941833496094,37.326168060302734
2020-11-12,327.4195251464844,279.01324462890625,74.04535675048828,167.24929809570312,39.37331771850586,36.78703689575195
2020-11-13,331.9524841308594,281.46087646484375,74.07068634033203,169.61793518066406,39.872467041015625,37.309322357177734
2020-11-16,336.0960693359375,283.6571044921875,74.11279296875,171.69053649902344,40.337764739990234,37.78947830200195
2020-11-17,334.2884216308594,282.75738525390625,74.23931884765625,171.3019256591797,40.278541564941406,37.77263641357422
2020-11-18,330.2653503417969,280.6676330566406,74.32368469238281,169.4884033203125,40.143184661865234,37.57046890258789
2020-11-19,331.65582275390625,282.86370849609375,74.47553253173828,170.4321746826172,40.24470138549805,37.79790115356445
2020-11-20,329.38470458984375,280.9288330078125,74.54297637939453,169.53465270996094,40.52389144897461,37.92426681518555
2020-11-23,331.35919189453125,280.93853759765625,74.48394775390625,170.9225616455078,40.51543426513672,37.94953918457031
2020-11-24,336.6986389160156,284.8856506347656,74.40804290771484,173.56875610351562,41.05686950683594,38.556053161621094
2020-11-25,336.17950439453125,286.6367492675781,74.37431335449219,173.5040283203125,40.87075424194336,38.4802360534668
2020-11-27,337.11572265625,289.2779846191406,74.53456115722656,174.11468505859375,41.25144958496094,38.74980545043945
2020-11-30,335.6233215332031,289.86810302734375,74.63575744628906,172.74530029296875,40.23624038696289,37.98322677612305
2020-12-01,339.29412841796875,293.5830993652344,74.41020965576172,174.93820190429688,41.073795318603516,38.80033493041992
2020-12-02,340.00787353515625,293.9603271484375,74.28343963623047,175.08624267578125,41.05686950683594,38.859310150146484
2020-12-03,339.9151916503906,294.3764343261719,74.42710876464844,175.43780517578125,41.46295928955078,38.99409103393555
2020-12-04,342.84454345703125,295.5760192871094,74.2327651977539,177.19583129882812,41.74213790893555,39.37316131591797
2020-12-07,342.13995361328125,297.2498474121094,74.33418273925781,177.0015106201172,41.74213790893555,39.08675003051758
2020-12-08,343.1410827636719,298.2559509277344,74.35948944091797,177.7694854736328,41.86058807373047,39.17941665649414
2020-12-09,340.0635681152344,291.5031433105469,74.2327651977539,176.02072143554688,41.36989974975586,39.22996520996094
2020-12-10,339.95233154296875,292.6737365722656,74.38484954833984,176.2798309326172,41.92826461791992,39.314208984375
2020-12-11,339.5536804199219,292.0255126953125,74.50313568115234,175.96519470214844,41.649078369140625,39.17941665649414
2020-12-14,338.03338623046875,294.14422607421875,74.4777603149414,175.465576171875,41.49679946899414,39.18783187866211
2020-12-15,342.6034240722656,297.28851318359375,74.51155853271484,177.87130737304688,41.88596725463867,39.617454528808594
2020-12-16,343.1410827636719,298.92352294921875,74.43551635742188,178.1210479736328,42.1143913269043,39.75224304199219
2020-12-17,345.0599365234375,300.87774658203125,74.45245361328125,179.5182342529297,42.452781677246094,40.013389587402344
2020-12-18,343.68218994140625,299.96826171875,74.42710876464844,179.00929260253906,42.32588577270508,39.77750778198242
2020-12-21,342.4533386230469,299.4071350097656,74.43551635742188,178.49118041992188,41.75648880004883,39.33133316040039
2020-12-22,341.876220703125,300.22125244140625,74.55384063720703,178.52818298339844,41.4500732421875,39.203857421875
2020-12-23,342.18341064453125,298.70928955078125,74.46988677978516,178.83352661132812,41.875640869140625,39.645782470703125
2020-12-24,343.5146179199219,300.0274658203125,74.5970687866211,179.1326904296875,41.6373291015625,39.747772216796875
2020-12-28,346.4656982421875,303.0513000488281,74.57162475585938,180.26608276367188,41.72244644165039,39.994232177734375
2020-12-29,345.80474853515625,303.3226623535156,74.5970687866211,179.5135498046875,42.17353820800781,40.308677673339844
2020-12-30,346.29815673828125,303.3324890136719,74.64789581298828,179.99667358398438,42.76081848144531,40.39366149902344
2020-12-31,348.05755615234375,304.07867431640625,74.7496109008789,180.823486328125,42.650169372558594,40.1217041015625
2021-01-04,343.3191223144531,299.7850341796875,74.64789581298828,178.25013732910156,42.845924377441406,40.351173400878906
2021-01-05,345.6837158203125,302.2566223144531,74.52073669433594,179.69007873535156,43.84175491333008,40.81008529663086
2021-01-06,347.7503662109375,298.0696716308594,74.190185546875,181.30654907226562,43.424705505371094,41.252017974853516
2021-01-07,352.9170837402344,305.280517578125,74.03761291503906,184.21441650390625,43.76515197753906,41.37099075317383
2021-01-08,354.9278869628906,309.2058410644531,73.96980285644531,185.106201171875,44.65032196044922,41.761924743652344
2021-01-11,352.535400390625,304.7378234863281,73.8935317993164,184.00071716308594,44.13113784790039,41.218017578125
2021-01-12,352.60980224609375,304.253173828125,73.87657165527344,184.6509552001953,44.61627960205078,41.41348648071289
2021-01-13,353.5594787597656,306.307861328125,74.07154846191406,184.85536193847656,44.76097869873047,41.33699417114258
2021-01-14,352.3212585449219,304.66986083984375,73.97828674316406,184.6788787841797,45.20356369018555,41.651451110839844
2021-01-15,349.7518615722656,302.2566223144531,74.03761291503906,183.0717010498047,44.68437194824219,40.98006057739258
2021-01-19,352.4981994628906,306.66656494140625,74.13932800292969,184.743896484375,45.492950439453125,41.26900863647461
2021-01-20,357.3762512207031,313.7998352050781,74.13086700439453,187.07574462890625,46.28450012207031,41.583457946777344
2021-01-21,357.7020263671875,316.3100280761719,74.02915954589844,186.93641662597656,46.29301834106445,41.67694091796875
2021-01-22,356.43603515625,315.39898681640625,74.06306457519531,186.62982177734375,45.9610710144043,41.38800048828125
2021-01-25,357.8416748046875,318.00616455078125,74.23259735107422,187.15939331054688,46.19087600708008,41.36249542236328
2021-01-26,357.28314208984375,318.47137451171875,74.22409057617188,186.4811553955078,45.90149688720703,41.3795051574707
2021-01-27,348.55096435546875,309.59344482421875,74.22409057617188,182.0033416748047,44.73543167114258,40.41065216064453
2021-01-28,351.548583984375,311.4252624511719,74.16474914550781,183.4340057373047,44.948219299316406,40.725101470947266
2021-01-29,344.5107116699219,304.8734436035156,74.10545349121094,180.21963500976562,43.9864501953125,39.83275604248047
2021-02-01,350.24530029296875,312.49139404296875,74.13005828857422,183.29466247558594,45.1014289855957,40.39366149902344
2021-02-02,355.19775390625,317.5893859863281,74.03665161132812,185.92373657226562,45.80786895751953,40.84408187866211
2021-02-03,355.4771423339844,316.3294372558594,73.90930938720703,186.20248413085938,45.97809600830078,40.954559326171875
2021-02-04,359.517333984375,320.07049560546875,73.92631530761719,188.56214904785156,46.04618453979492,40.9715576171875
2021-02-05,360.9323425292969,321.15606689453125,73.82443237304688,189.62124633789062,46.38663864135742,41.27751159667969
2021-02-08,363.5390319824219,323.3077087402344,73.90930938720703,191.32135009765625,46.62495803833008,41.54096984863281
2021-02-09,363.2969665527344,323.2399597167969,73.87535858154297,191.39564514160156,47.14413833618164,41.77892303466797
2021-02-10,363.1387023925781,322.50323486328125,73.99423217773438,191.31204223632812,47.246273040771484,41.68543243408203
2021-02-11,363.7251892089844,324.27691650390625,73.91781616210938,191.7672576904297,47.739933013916016,41.95738983154297
2021-02-12,365.52191162109375,326.0894470214844,73.72257232666016,192.7613067626953,47.825042724609375,42.152854919433594
2021-02-16,365.2054138183594,325.2074279785156,73.37452697753906,192.41754150390625,47.96123123168945,42.40781784057617
2021-02-17,365.2891540527344,323.64697265625,73.5273208618164,192.01806640625,48.080387115478516,42.14435958862305
2021-02-18,363.7345275878906,322.23187255859375,73.4848403930664,190.91258239746094,47.45905685424805,41.872406005859375
2021-02-19,363.0921325683594,320.8265380859375,73.23018646240234,191.3492431640625,47.71440505981445,42.06787872314453
2021-02-22,360.29937744140625,312.5107421875,73.02642822265625,189.52833557128906,46.36110305786133,41.940399169921875
2021-02-23,360.7369689941406,311.58038330078125,73.00943756103516,189.50048828125,46.62495803833008,41.95738983154297
2021-02-24,364.7120361328125,314.14874267578125,72.96702575683594,191.62796020507812,46.32706069946289,42.11036682128906
2021-02-25,355.9239807128906,303.1966857910156,72.33028411865234,186.62054443359375,45.322731018066406,41.396480560302734
2021-02-26,354.090087890625,304.4664611816406,72.95851135253906,185.8773193359375,44.67586898803711,40.80158615112305
2021-03-01,362.6732177734375,313.6253662109375,72.86407470703125,190.6524200439453,45.90149688720703,41.59195327758789
2021-03-02,359.84320068359375,308.5951232910156,72.85564422607422,188.85943603515625,45.467403411865234,41.574951171875
2021-03-03,355.0768737792969,299.6397705078125,72.6260986328125,186.137451171875,45.433372497558594,41.31999969482422
2021-03-04,350.68280029296875,294.73553466796875,72.39649200439453,183.1924591064453,44.45457077026367,40.90358352661133
2021-03-05,357.1341857910156,299.1744384765625,72.3539810180664,186.499755859375,44.76948165893555,41.23501968383789
2021-03-08,355.3560791015625,290.70361328125,72.02239990234375,185.58935546875,43.603431701660156,41.03104782104492
2021-03-09,360.4296875,302.16943359375,72.26048278808594,188.4692840576172,44.54819869995117,41.55796432495117
2021-03-10,362.6732177734375,301.3067932128906,72.39649200439453,189.81631469726562,44.471595764160156,41.73643112182617
2021-03-11,366.3504638671875,308.24627685546875,72.40496063232422,192.2968292236328,45.80786895751953,42.04237747192383
2021-03-12,366.84381103515625,305.74578857421875,71.97142028808594,192.67767333984375,44.999290466308594,42.14435958862305
2021-03-15,369.0314636230469,309.01190185546875,72.05641174316406,194.0247802734375,44.9737663269043,42.2463493347168
2021-03-16,368.5661315917969,310.7080078125,72.04789733886719,193.24440002441406,45.16952133178711,42.3143310546875
2021-03-17,369.8227844238281,311.9874572753906,72.02239990234375,193.9783172607422,45.20356369018555,42.53529739379883
2021-03-18,364.4419860839844,302.4310302734375,71.72483825683594,190.44802856445312,44.50564193725586,42.12736129760742
2021-03-19,363.7676696777344,303.4971923828125,71.78438568115234,190.68960571289062,44.948219299316406,42.271846771240234
2021-03-22,366.6723937988281,309.188720703125,71.98841094970703,191.7208251953125,44.85277557373047,42.289772033691406
2021-03-23,363.78631591796875,307.8398742675781,72.14993286132812,189.53759765625,44.11986541748047,41.6494026184082
2021-03-24,361.9370422363281,302.6480712890625,72.26048278808594,187.9676055908203,43.088661193847656,41.47010803222656
2021-03-25,363.97320556640625,302.1240234375,72.20947265625,189.35830688476562,43.1568489074707,41.73479080200195
2021-03-26,369.8386535644531,306.65594482421875,72.08193969726562,192.45289611816406,44.230655670166016,42.306846618652344
2021-03-29,369.6517333984375,306.5685729980469,71.98841094970703,191.54876708984375,43.983497619628906,42.10193634033203
2021-03-30,368.67108154296875,305.0256042480469,72.06493377685547,191.49282836914062,44.162471771240234,42.050697326660156
2021-03-31,370.16546630859375,309.6933898925781,72.03092956542969,192.65797424316406,44.35847473144531,41.93117141723633
2021-04-01,374.1629333496094,314.9725036621094,72.26270294189453,195.07215881347656,44.75902557373047,42.47760772705078
2021-04-05,379.53326416015625,321.2608947753906,72.15193939208984,197.3465118408203,44.85277557373047,43.11796951293945
2021-04-06,379.30914306640625,321.0377197265625,72.40754699707031,197.4210662841797,45.06583023071289,42.74229049682617
2021-04-07,379.7481689453125,321.8140563964844,72.32234191894531,197.25326538085938,44.40962219238281,42.81914138793945
2021-04-08,381.55072021484375,325.1717224121094,72.48428344726562,198.39976501464844,44.86981964111328,43.06674575805664
2021-04-09,384.3246154785156,327.1416931152344,72.39053344726562,199.60218811035156,44.486324310302734,43.169212341308594
2021-04-12,384.4646911621094,326.7147216796875,72.37348175048828,199.65811157226562,44.196556091308594,42.938682556152344
2021-04-13,385.6042175292969,330.52850341796875,72.56096649169922,200.21742248535156,44.205078125,43.228973388671875
2021-04-14,384.2873229980469,326.5594787597656,72.50981140136719,199.7699737548828,44.44371032714844,43.271671295166016
2021-04-15,388.41546630859375,331.5085754394531,72.81658172607422,201.8951873779297,44.83573532104492,43.604652404785156
2021-04-16,389.7137756347656,331.8968200683594,72.62061309814453,202.4078369140625,44.98060607910156,43.860801696777344
2021-04-19,387.799072265625,328.8594055175781,72.57796478271484,201.08424377441406,44.88686752319336,43.732723236083984
2021-04-20,384.95977783203125,326.4624328613281,72.6972885131836,199.2386474609375,44.54596710205078,43.00697326660156
2021-04-21,388.602294921875,329.2572021484375,72.77395629882812,201.6155548095703,44.895389556884766,43.399742126464844
2021-04-22,385.0531311035156,325.2881774902344,72.80806732177734,200.040283203125,44.818687438964844,43.22043228149414
2021-04-23,389.22808837890625,329.38336181640625,72.81658172607422,202.46377563476562,45.43229675292969,43.71564865112305
2021-04-26,390.04058837890625,331.528076171875,72.76546478271484,203.2001190185547,45.49195098876953,43.78396224975586
2021-04-27,389.9566345214844,330.09185791015625,72.57796478271484,203.10691833496094,45.560123443603516,43.6473503112793
2021-04-28,389.84454345703125,328.9758605957031,72.61206817626953,203.07896423339844,45.926578521728516,43.766876220703125
2021-04-29,392.3288879394531,330.15972900390625,72.55243682861328,203.85263061523438,45.82431411743164,43.8095703125
2021-04-30,389.7510681152344,327.9956970214844,72.6546859741211,202.36126708984375,45.151058197021484,43.21189498901367
2021-05-03,390.59173583984375,326.24896240234375,72.67263793945312,202.7154541015625,45.134010314941406,43.66442108154297
2021-05-04,388.1819763183594,320.3778076171875,72.76648712158203,201.19610595703125,44.5800666809082,43.13505935668945
2021-05-05,388.30340576171875,319.3006286621094,72.80915832519531,201.1588134765625,44.75050354003906,43.6473503112793
2021-05-06,391.4042663574219,321.7073059082031,72.84333038330078,202.1841583251953,45.193660736083984,44.005950927734375
2021-05-07,394.25286865234375,324.3177795410156,72.85185241699219,203.8992156982422,45.59421157836914,44.518245697021484
2021-05-10,390.3489074707031,316.1273193359375,72.6811294555664,201.5037078857422,44.74198532104492,44.28771209716797
2021-05-11,386.8650817871094,315.6905822753906,72.53606414794922,199.88182067871094,44.622676849365234,43.75834655761719
2021-05-12,378.64599609375,307.5196228027344,72.28001403808594,195.37973022460938,43.480690002441406,42.989906311035156
2021-05-13,383.19451904296875,309.8971862792969,72.42512512207031,197.5328826904297,43.42955780029297,43.28874969482422
2021-05-14,389.07861328125,316.7386779785156,72.59580993652344,200.9071807861328,44.14542007446289,43.98033905029297
2021-05-17,388.08856201171875,314.8172607421875,72.52754974365234,200.47836303710938,44.170989990234375,43.91203689575195
2021-05-18,384.74505615234375,312.6920471191406,72.45071411132812,198.91238403320312,44.8101692199707,44.06571578979492
2021-05-19,383.7362976074219,313.051025390625,72.37390899658203,198.33453369140625,44.690853118896484,43.67295837402344
2021-05-20,387.8644104003906,319.10650634765625,72.61284637451172,200.48770141601562,44.85277557373047,44.279178619384766
2021-05-21,387.546875,317.34039306640625,72.62994384765625,200.3758544921875,44.37553024291992,44.27063751220703
2021-05-24,391.4976806640625,322.6777038574219,72.71527862548828,202.39854431152344,44.79310989379883,44.54385757446289
2021-05-25,390.6290283203125,323.12408447265625,72.90304565429688,201.83926391601562,45.26184844970703,44.54385757446289
2021-05-26,391.4042663574219,324.2498474121094,72.87744140625,202.5663299560547,45.59421157836914,44.54385757446289
2021-05-27,391.6097717285156,323.0368347167969,72.77501678466797,202.93917846679688,45.6794319152832,44.629241943359375
2021-05-28,392.3102111816406,324.0556945800781,72.76648712158203,203.28402709960938,45.918060302734375,44.75730895996094
2021-06-01,391.96466064453125,322.9786376953125,72.7613754272461,203.36790466308594,46.881072998046875,44.99638366699219
2021-06-02,392.5810241699219,323.60931396484375,72.8382797241211,203.6382598876953,46.99186706542969,45.12445068359375
2021-06-03,391.1240539550781,320.2419738769531,72.70152282714844,202.734130859375,46.46348190307617,44.885379791259766
2021-06-04,394.7012023925781,325.67633056640625,72.99214935302734,204.49578857421875,46.881072998046875,45.31229782104492
2021-06-07,394.3182373046875,326.6468200683594,72.94086456298828,204.66355895996094,46.69357681274414,45.41475296020508
2021-06-08,394.4022521972656,326.80206298828125,73.07762908935547,205.08299255371094,46.49757766723633,45.3891487121582
2021-06-09,393.81390380859375,326.8796691894531,73.22298431396484,204.50509643554688,46.46348190307617,45.209842681884766
2021-06-10,395.6445007324219,330.2859191894531,73.37682342529297,205.40924072265625,46.78733825683594,45.35498809814453
2021-06-11,396.2983093261719,331.14959716796875,73.3597412109375,206.01513671875,46.582801818847656,45.43183135986328
2021-06-14,397.18560791015625,334.32293701171875,73.17166900634766,206.33203125,46.77029037475586,45.500144958496094
2021-06-15,396.4570617675781,332.13946533203125,73.17166900634766,205.7913818359375,46.45496368408203,45.50867462158203
2021-06-16,394.2434997558594,330.92633056640625,72.96652221679688,204.76608276367188,45.82431411743164,45.209842681884766
2021-06-17,394.11285400390625,335.1282958984375,73.21440887451172,204.57034301757812,46.0885009765625,44.876853942871094
2021-06-18,388.7960510253906,332.4984436035156,73.44522094726562,202.03500366210938,45.73056411743164,44.023033142089844
2021-06-21,394.36199951171875,334.5649719238281,73.18878936767578,204.822021484375,45.953304290771484,44.62898635864258
2021-06-22,396.4703063964844,337.6836242675781,73.2913589477539,205.9871368408203,45.75626754760742,44.672027587890625
2021-06-23,395.9925231933594,337.8488464355469,73.24005126953125,205.90325927734375,46.021846771240234,44.43101501464844
2021-06-24,398.3351135253906,339.9376525878906,73.27427673339844,207.30104064941406,46.364532470703125,44.801124572753906
2021-06-25,399.7500305175781,339.51995849609375,73.1374740600586,208.07708740234375,46.74147415161133,44.94746017456055
2021-06-28,400.55584716796875,343.6490783691406,73.33409118652344,208.3108367919922,46.85284423828125,44.654808044433594
2021-06-29,400.7714538574219,344.89251708984375,73.36829376220703,208.3201904296875,46.81857681274414,44.64619827270508
2021-06-30,401.1088562011719,344.3484802246094,73.41956329345703,208.32952880859375,46.52730178833008,44.34494400024414
2021-07-01,403.32952880859375,344.484619140625,73.41272735595703,209.4608154296875,46.27885818481445,44.47405242919922
2021-07-02,406.41241455078125,348.4388122558594,73.5411376953125,210.6201934814453,46.227455139160156,44.63759231567383
2021-07-06,405.67205810546875,349.9446716308594,73.80653381347656,210.16201782226562,45.39646530151367,44.370765686035156
2021-07-07,407.1058044433594,350.6830749511719,73.9606704711914,210.44253540039062,45.439292907714844,44.525691986083984
2021-07-08,403.7886657714844,348.5650634765625,74.02912902832031,208.6660919189453,44.57401657104492,43.88014602661133
2021-07-09,408.0990295410156,350.7413635253906,73.79795837402344,211.1905059814453,45.38788986206055,44.63759231567383
2021-07-12,409.5607604980469,352.1112060546875,73.77229309082031,211.779541015625,45.4135856628418,44.801124572753906
2021-07-13,408.1646728515625,352.1112060546875,73.5411376953125,210.60147094726562,45.439292907714844,44.551513671875
2021-07-14,408.773681640625,352.7427978515625,73.78942108154297,210.3116455078125,45.66203308105469,44.663421630859375
2021-07-15,407.3774719238281,350.2653503417969,73.96920776367188,209.5730438232422,45.704864501953125,44.30190658569336
2021-07-16,404.1822204589844,347.4283142089844,73.90071868896484,207.92745971679688,45.39646530151367,43.957611083984375
2021-07-19,398.2132873535156,344.5817565917969,74.32022857666016,204.97296142578125,44.72822570800781,43.09687805175781
2021-07-20,403.91986083984375,348.5845031738281,74.24315643310547,208.51649475097656,44.76249313354492,43.484214782714844
2021-07-21,407.1900634765625,351.2757568359375,74.0034408569336,210.3864288330078,45.14801788330078,44.112552642822266
2021-07-22,408.0428161621094,353.5977783203125,74.16610717773438,210.56410217285156,45.216556549072266,44.17280197143555
2021-07-23,412.2407531738281,357.72686767578125,74.08045959472656,212.6677703857422,44.51404571533203,44.43962860107422
2021-07-26,413.25274658203125,358.0085754394531,74.0376968383789,213.0978546142578,43.665924072265625,44.49126434326172
2021-07-27,411.3692626953125,354.0641174316406,74.22604370117188,211.9478759765625,42.723548889160156,44.327728271484375
2021-07-28,411.20068359375,355.4242858886719,74.2945556640625,212.2750701904297,43.93150329589844,44.525691986083984
2021-07-29,412.9060974121094,356.0557861328125,74.16610717773438,213.2100830078125,44.0857048034668,44.86138916015625
2021-07-30,410.9007873535156,354.2000732421875,74.27740478515625,211.9478759765625,43.78586196899414,44.56873321533203
2021-08-02,410.0386962890625,354.22930908203125,74.45403289794922,211.64865112304688,44.137107849121094,44.78392028808594
2021-08-03,413.37457275390625,356.37640380859375,74.4711685180664,213.16331481933594,44.248477935791016,45.10239028930664
2021-08-04,411.3412170410156,356.891357421875,74.4711685180664,212.2096405029297,44.35984420776367,44.97327423095703
2021-08-05,413.9461364746094,359.155029296875,74.29969787597656,213.72425842285156,44.2227783203125,45.2056770324707
2021-08-06,414.6301574707031,357.58111572265625,73.9481430053711,213.98606872558594,43.922935485839844,45.024925231933594
2021-08-09,414.2928466796875,358.24176025390625,73.81096649169922,213.90194702148438,44.07714080810547,44.97327423095703
2021-08-10,414.80816650390625,356.4055480957031,73.69949340820312,214.04217529296875,44.239906311035156,45.06795883178711
2021-08-11,415.8389587402344,355.79339599609375,73.75090789794922,214.46287536621094,44.402687072753906,45.351993560791016
2021-08-12,417.08526611328125,357.075927734375,73.75947570800781,215.06129455566406,44.11140823364258,45.24870681762695
2021-08-13,417.8442687988281,358.3292541503906,74.05103302001953,215.1828155517578,44.0257453918457,45.48110580444336
2021-08-16,418.8282165527344,358.4847412109375,74.11962890625,215.26699829101562,43.67448806762695,45.22289276123047
2021-08-17,416.08258056640625,355.3271484375,74.04244232177734,213.66818237304688,42.8863410949707,44.723663330078125
2021-08-18,411.528564453125,351.90728759765625,74.02530670166016,211.53646850585938,42.93773651123047,44.61176681518555
2021-08-19,412.1657409667969,353.60748291015625,74.1882095336914,211.3775177001953,42.278079986572266,44.121150970458984
2021-08-20,415.4454345703125,357.27020263671875,74.17108154296875,213.27548217773438,42.278079986572266,44.26747512817383
2021-08-23,419.09991455078125,362.6138000488281,74.1882095336914,215.34178161621094,42.8863410949707,44.73227310180664
2021-08-24,419.7651672363281,363.7212829589844,74.04244232177734,216.10842895507812,43.84583282470703,44.94746017456055
2021-08-25,420.64599609375,364.13909912109375,73.92241668701172,216.72555541992188,43.8886604309082,44.98188400268555
2021-08-26,418.16278076171875,361.82684326171875,73.93097686767578,215.27633666992188,43.52885055541992,44.697837829589844
2021-08-27,421.9016418457031,365.3438415527344,74.1453628540039,217.59503173828125,44.07714080810547,45.16264343261719
2021-08-30,423.7569274902344,369.4438171386719,74.23108673095703,218.4178009033203,44.20564270019531,45.154029846191406
2021-08-31,423.1291198730469,369.14263916015625,74.13678741455078,218.0064239501953,44.74536895751953,45.154029846191406
2021-09-01,423.3540344238281,369.7547912597656,74.149658203125,218.3897705078125,45.28508758544922,45.54997253417969
2021-09-02,424.6565246582031,369.579833984375,74.2527084350586,219.12838745117188,45.10518264770508,45.7651481628418
2021-09-03,424.553466796875,370.7165832519531,74.0981216430664,219.05357360839844,45.310794830322266,45.98894500732422
2021-09-07,423.0355224609375,371.2411804199219,73.8834457397461,218.10928344726562,45.6877326965332,45.877037048339844
2021-09-08,422.51995849609375,369.94903564453125,74.00366973876953,217.59503173828125,45.01094436645508,45.54136657714844
2021-09-09,420.7116394042969,368.6763000488281,74.26991271972656,216.83770751953125,45.07091522216797,45.489707946777344
2021-09-10,417.3944396972656,365.8782043457031,74.08954620361328,215.1173553466797,45.002376556396484,45.3606071472168
2021-09-13,418.4626770019531,365.6256103515625,74.20118713378906,215.6035614013672,45.14801788330078,45.70490264892578
2021-09-14,416.20440673828125,364.5860290527344,74.38151550292969,214.30393981933594,44.72822570800781,45.50693130493164
2021-09-15,419.68084716796875,367.29669189453125,74.31282806396484,216.071044921875,44.71108627319336,45.687686920166016
2021-09-16,419.01556396484375,367.54925537109375,74.1754379272461,215.87469482421875,44.248477935791016,45.55857849121094
2021-09-17,414.9338684082031,363.19677734375,74.08097839355469,214.14500427246094,44.07714080810547,44.99049377441406
2021-09-20,408.0152282714844,355.6919250488281,74.2870864868164,210.4331817626953,42.87787628173828,44.135093688964844
2021-09-21,407.62982177734375,356.12957763671875,74.26991271972656,210.41448974609375,43.223731994628906,44.51526641845703
2021-09-22,411.60614013671875,359.45599365234375,74.3471908569336,212.536865234375,43.84627914428711,44.757205963134766
2021-09-23,416.6072082519531,362.77264404296875,73.95213317871094,215.12672424316406,44.053794860839844,45.30154800415039
2021-09-24,417.29339599609375,363.113037109375,73.79754638671875,215.38375854492188,43.56958770751953,44.88680648803711
2021-09-27,416.0994873046875,360.214599609375,73.711669921875,214.91476440429688,43.80304718017578,44.88680648803711
2021-09-28,407.7143859863281,350.02142333984375,73.39391326904297,210.4127197265625,43.29290771484375,43.893157958984375
2021-09-29,408.400634765625,349.4475402832031,73.40250396728516,210.5534210205078,42.947044372558594,43.75490951538086
2021-09-30,403.4090576171875,348.1636657714844,73.38532257080078,208.27430725097656,43.241024017333984,43.625308990478516
2021-10-01,408.2031555175781,350.32293701171875,73.6347427368164,211.144287109375,43.266971588134766,43.75490951538086
2021-10-04,402.9389953613281,342.9698486328125,73.58314514160156,207.96478271484375,42.67036437988281,43.34881591796875
2021-10-05,407.1316223144531,347.5995178222656,73.40251159667969,209.90626525878906,43.076744079589844,43.59938049316406
2021-10-06,408.82354736328125,349.8269348144531,73.43692016601562,210.778564453125,42.91246032714844,43.27969741821289
2021-10-07,412.35821533203125,353.03656005859375,73.23048400878906,212.804443359375,43.75115966796875,43.6425895690918
2021-10-08,411.60614013671875,351.2760925292969,73.04988098144531,212.33546447753906,43.915462493896484,43.6512336730957
2021-10-11,408.6261901855469,348.58197021484375,72.93804931640625,210.8066864013672,43.79439926147461,43.52163314819336
2021-10-12,407.620361328125,347.3661804199219,73.20471954345703,210.65658569335938,43.673343658447266,43.50434112548828
2021-10-13,409.0869140625,350.14788818359375,73.40251159667969,211.61325073242188,44.244014739990234,43.98820114135742
2021-10-14,415.96795654296875,356.596435546875,73.53154754638672,215.1304931640625,44.313194274902344,44.46342849731445
2021-10-15,419.13592529296875,358.84320068359375,73.35094451904297,216.40602111816406,44.78874206542969,44.81768035888672
2021-10-18,420.376708984375,362.4516296386719,73.30792236328125,217.19387817382812,44.72822189331055,44.65351486206055
2021-10-19,423.619873046875,365.19451904296875,73.10148620605469,218.77894592285156,45.238365173339844,44.96455764770508
2021-10-20,425.2837219238281,364.7179260253906,73.01545715332031,219.63247680664062,45.247005462646484,45.120094299316406
2021-10-21,426.3929748535156,366.9452209472656,72.91226196289062,220.23275756835938,44.88385009765625,44.895450592041016
2021-10-22,425.95111083984375,363.862060546875,73.06709289550781,219.8106689453125,44.771453857421875,45.10280990600586
2021-10-25,428.2354736328125,367.587158203125,73.10148620605469,221.1613006591797,44.93573760986328,45.06825256347656
2021-10-26,428.6208801269531,368.7445373535156,73.2476806640625,221.0768585205078,44.63310623168945,45.1546516418457
2021-10-27,426.7220153808594,369.6005554199219,73.51435089111328,219.56683349609375,44.399658203125,44.912723541259766
2021-10-28,430.83941650390625,373.7050476074219,73.41972351074219,221.91163635253906,44.35641860961914,45.370662689208984
2021-10-29,431.713623046875,375.54327392578125,73.43692016601562,222.20240783691406,43.80304718017578,45.03369140625
2021-11-01,432.45623779296875,376.82720947265625,73.3801040649414,223.30914306640625,44.22671890258789,45.45707321166992
2021-11-02,434.2047424316406,378.40283203125,73.51792907714844,224.00323486328125,43.75981903076172,45.353389739990234
2021-11-03,436.8556213378906,382.41986083984375,73.3886947631836,225.58827209472656,44.07973098754883,45.6644401550293
2021-11-04,438.9143371582031,387.3218994140625,73.72461700439453,226.4417724609375,43.984619140625,45.629878997802734
2021-11-05,440.43719482421875,387.6915283203125,73.94862365722656,227.31405639648438,44.001914978027344,45.724910736083984
2021-11-08,440.8131408691406,387.16632080078125,73.78496551513672,227.689208984375,44.46017837524414,45.75084686279297
2021-11-09,439.35614013671875,384.5013122558594,73.9917221069336,227.03265380859375,44.35641860961914,45.63851547241211
2021-11-10,435.8216247558594,378.85028076171875,73.4920654296875,224.80043029785156,44.23537063598633,45.05961608886719
2021-11-11,435.96258544921875,379.90069580078125,73.37144470214844,225.07240295410156,44.99626159667969,45.21514129638672
2021-11-12,439.25274658203125,383.8982238769531,73.3801040649414,226.74192810058594,45.030845642089844,45.526187896728516
2021-11-15,439.4031982421875,383.8106384277344,73.07855224609375,226.74192810058594,44.94438171386719,45.448429107666016
2021-11-16,441.1422424316406,386.5438232421875,73.02688598632812,227.7173309326172,44.92708206176758,45.34474563598633
2021-11-17,440.0705261230469,386.7480773925781,73.18193817138672,226.7794189453125,44.76280975341797,45.232418060302734
2021-11-18,441.5653381347656,390.7552185058594,73.26812744140625,227.13583374023438,44.22671890258789,45.266990661621094
2021-11-19,440.7756042480469,392.93389892578125,73.42315673828125,226.4886474609375,44.148902893066406,44.921363830566406
2021-11-22,439.5347595214844,388.3723449707031,73.06130981445312,225.4007110595703,43.690643310546875,44.679443359375
2021-11-23,440.1175842285156,386.6021423339844,72.7684326171875,225.47572326660156,43.73387908935547,44.60166931152344
2021-11-24,441.2926330566406,387.84716796875,72.94071960449219,226.23544311523438,43.6820068359375,44.36838150024414
2021-11-26,431.45037841796875,380.4939880371094,73.45761108398438,221.33949279785156,42.40232467651367,43.15872573852539
2021-11-29,436.74285888671875,388.7516174316406,73.44898223876953,223.4217071533203,42.46284103393555,43.3660888671875
2021-11-30,428.2448425292969,383.04229736328125,73.58682250976562,218.9571990966797,42.532020568847656,42.94272232055664
2021-12-01,423.4882507324219,376.5256652832031,73.63426971435547,215.87144470214844,42.506072998046875,42.718074798583984
2021-12-02,429.97454833984375,379.23931884765625,73.6429443359375,219.37924194335938,43.007572174072266,43.31425476074219
2021-12-03,426.2332458496094,372.6448974609375,73.92765045166016,216.8374481201172,42.41096878051758,43.09824752807617
2021-12-06,431.2812194824219,375.6308898925781,73.72917938232422,219.62310791015625,42.687644958496094,43.51298141479492
2021-12-07,440.2021789550781,386.9425964355469,73.56526947021484,224.3220977783203,43.31019973754883,44.44615173339844
2021-12-08,441.3678894042969,388.6738586425781,73.3409194946289,225.2881317138672,43.56958770751953,44.506629943847656
2021-12-09,438.3879089355469,382.954833984375,73.37541961669922,223.14031982421875,43.35342788696289,44.117820739746094
2021-12-10,442.5146484375,387.1176452636719,73.40132141113281,224.65969848632812,43.43124771118164,44.17829513549805
2021-12-13,438.5947265625,381.5250549316406,73.65154266357422,222.6150665283203,42.765472412109375,43.72899627685547
2021-12-14,435.5771789550781,377.5760803222656,73.5307388305664,220.9456024169922,42.67036437988281,43.50434112548828
2021-12-15,442.38311767578125,386.1838684082031,73.43583679199219,224.3502197265625,42.51472854614258,44.04004669189453
2021-12-16,438.48193359375,376.25335693359375,73.5307388305664,221.83657836914062,42.627132415771484,44.04868698120117
2021-12-17,433.81524658203125,374.37615966796875,73.66019439697266,220.82366943359375,42.333152770996094,43.538902282714844
2021-12-20,429.2022399902344,370.7445373535156,73.53936004638672,217.7191162109375,41.74638366699219,43.32744598388672
2021-12-21,436.8244934082031,379.0419921875,73.46171569824219,221.9866485595703,42.45363998413086,43.87145233154297
2021-12-22,441.19207763671875,383.6581726074219,73.53936004638672,224.18138122558594,42.68940353393555,44.318939208984375
2021-12-23,443.93731689453125,386.55059814453125,73.42768859863281,225.7289581298828,42.94261932373047,44.590938568115234
2021-12-27,450.219970703125,392.9392395019531,73.46234130859375,228.6930694580078,43.08232498168945,44.93313980102539
2021-12-28,449.8520812988281,391.1179504394531,73.45367431640625,228.22242736816406,42.93389129638672,44.93313980102539
2021-12-29,450.427490234375,391.0596008300781,73.21133422851562,228.35418701171875,42.75052261352539,44.92435836791992
2021-12-30,449.18231201171875,389.8909606933594,73.37576293945312,227.987060546875,43.300621032714844,44.81907653808594
2021-12-31,448.0501403808594,387.4563293457031,73.35845947265625,227.2622833251953,43.18710708618164,44.8015251159668
2022-01-03,450.6444396972656,391.1861572265625,72.86508178710938,228.7024688720703,43.49272155761719,45.07352066040039
2022-01-04,450.4935302734375,386.11236572265625,72.85639190673828,228.2694854736328,43.31808853149414,45.240230560302734
2022-01-05,441.8430480957031,374.25048828125,72.60540008544922,223.318359375,42.67193603515625,44.84539794921875
2022-01-06,441.4279479980469,373.987548828125,72.5274887084961,223.26187133789062,42.91643142700195,44.5997200012207
2022-01-07,439.6827697753906,369.93621826171875,72.32841491699219,222.24526977539062,43.13471984863281,44.78397750854492
2022-01-10,439.1357116699219,370.1796875,72.267822265625,221.85935974121094,43.22202682495117,44.371585845947266
2022-01-11,443.1354064941406,375.74053955078125,72.41497802734375,224.07138061523438,44.06027603149414,44.89803695678711
2022-01-12,444.3334655761719,377.2305603027344,72.38898468017578,224.41966247558594,44.73261642456055,45.38063430786133
2022-01-13,438.2112121582031,367.7936706542969,72.51019287109375,221.13458251953125,44.17379379272461,45.05598449707031
2022-01-14,438.39044189453125,370.082275390625,72.11200714111328,221.2193145751953,44.2611198425293,44.95068359375
2022-01-18,430.6266784667969,360.86944580078125,71.66192626953125,216.91763305664062,43.606231689453125,44.2926139831543
2022-01-19,426.1552429199219,356.90582275390625,71.83499145507812,214.6397705078125,43.78086853027344,44.28383255004883
2022-01-20,421.4385681152344,352.27020263671875,71.9129409790039,212.1359405517578,44.051551818847656,44.00306701660156
2022-01-21,413.1654357910156,342.5022277832031,72.18126678466797,207.93785095214844,43.36174392700195,43.39763641357422
2022-01-24,414.9200439453125,344.0701599121094,72.06874084472656,209.27447509765625,42.78545379638672,42.91504669189453
2022-01-25,409.8542785644531,336.09405517578125,71.9735336303711,206.3470916748047,42.77672576904297,42.68691635131836
2022-01-26,408.8260803222656,335.5682373046875,71.57532501220703,205.5469512939453,42.331398010253906,42.4851188659668
2022-01-27,406.8072509765625,332.1888427734375,71.8090591430664,204.02212524414062,41.95594024658203,42.2043342590332
2022-01-28,416.9104919433594,342.60931396484375,71.89562225341797,209.048583984375,42.025787353515625,42.397369384765625
2022-01-31,424.41949462890625,353.5654296875,71.84368896484375,213.4913787841797,43.37047576904297,43.0729866027832
2022-02-01,427.28729248046875,355.9708251953125,71.81509399414062,215.11978149414062,43.623687744140625,43.502933502197266
2022-02-02,431.4379577636719,358.8632507324219,71.91912841796875,216.54112243652344,43.54510498046875,43.8538932800293
2022-02-03,421.2969970703125,344.3135681152344,71.61565399169922,211.392333984375,43.178375244140625,43.15196228027344
2022-02-04,423.2780456542969,348.6571044921875,71.17347717285156,212.7948455810547,43.2045783996582,43.266021728515625
2022-02-07,421.9196472167969,345.8523254394531,71.23418426513672,212.25827026367188,43.2045783996582,43.34498977661133
2022-02-08,425.3910827636719,349.7380065917969,71.00007629394531,214.2067413330078,43.59749984741211,43.555572509765625
2022-02-09,431.6172180175781,357.1492614746094,71.05210876464844,217.6894989013672,44.24364471435547,44.24874496459961
2022-02-10,423.86297607421875,349.0660705566406,70.4018325805664,213.99969482421875,43.99916076660156,43.73106384277344
2022-02-11,415.5048828125,337.9931640625,70.8613510131836,209.8486785888672,43.31808853149414,43.12563705444336
2022-02-14,414.1465148925781,338.4118957519531,70.4625244140625,209.0767822265625,42.99501419067383,42.87118148803711
2022-02-15,420.8254089355469,346.826171875,70.31513214111328,212.7948455810547,43.97297286987305,43.58190155029297
2022-02-16,421.2969970703125,346.738525390625,70.4104995727539,212.99252319335938,44.30477523803711,43.76616668701172
2022-02-17,412.29754638671875,336.42523193359375,70.56655883789062,208.15431213378906,43.72847366333008,43.09931182861328
2022-02-18,409.6278991699219,332.5881042480469,70.68794250488281,206.48829650878906,43.387935638427734,42.87118148803711
2022-02-22,405.23193359375,329.2477111816406,70.64459228515625,204.11627197265625,42.715599060058594,42.423702239990234
2022-02-23,398.04364013671875,320.8139343261719,70.28909301757812,200.36058044433594,42.32266616821289,42.02885818481445
2022-02-24,404.0338439941406,331.5947265625,70.4451904296875,203.87152099609375,41.466957092285156,41.48484802246094
2022-02-25,412.9484558105469,336.73681640625,70.505859375,208.40850830078125,42.235347747802734,42.52898406982422
2022-02-28,411.8919372558594,337.7398986816406,71.02607727050781,208.18258666992188,41.75510787963867,41.93232727050781
2022-03-01,405.6186828613281,332.5686340332031,71.39862823486328,204.93519592285156,41.18754196166992,41.1075439453125
2022-03-02,413.08050537109375,338.1489562988281,70.52154541015625,208.8226776123047,41.318519592285156,41.6076774597168
2022-03-03,411.0240478515625,333.31854248046875,70.83417510986328,207.2318878173828,40.742225646972656,40.94961166381836
2022-03-04,407.6846008300781,328.4881286621094,71.08600616455078,205.16110229492188,39.97383117675781,39.89669418334961
2022-03-07,395.6663513183594,316.3731384277344,70.73863983154297,198.835693359375,38.559288024902344,38.720943450927734
2022-03-08,392.66656494140625,314.9025573730469,70.40866088867188,197.71554565429688,38.72520065307617,38.95785140991211
2022-03-09,403.1943359375,326.2384338378906,70.21761322021484,203.20323181152344,39.703147888183594,40.44947052001953
2022-03-10,401.3736267089844,322.61566162109375,69.84419250488281,202.29017639160156,39.09193420410156,39.99320983886719
2022-03-11,396.2701721191406,315.9251403808594,69.79210662841797,199.5416717529297,38.29734802246094,39.61592483520508
2022-03-14,393.3740539550781,309.8578186035156,69.14949798583984,197.57437133789062,37.380516052246094,39.87037658691406
2022-03-15,402.0245666503906,319.5771789550781,69.26240539550781,201.6971893310547,37.36304473876953,40.22134017944336
2022-03-16,410.9391784667969,331.4292297363281,69.36661529541016,206.74240112304688,40.27070617675781,41.581356048583984
2022-03-17,416.08038330078125,335.4415588378906,69.42737579345703,209.509765625,39.97383117675781,41.958656311035156
2022-03-18,420.6376037597656,342.3074035644531,69.6270751953125,211.95712280273438,40.60251998901367,42.318389892578125
2022-03-21,420.51458740234375,341.3558044433594,68.9150619506836,211.7594451904297,40.089359283447266,42.09251022338867
2022-03-22,425.4352111816406,348.0643005371094,68.74137878417969,214.3573760986328,40.71110153198242,42.479251861572266
2022-03-23,419.9562683105469,343.0621032714844,69.05399322509766,211.4378662109375,40.430877685546875,41.943092346191406
2022-03-24,426.2868347167969,350.6872863769531,68.96714782714844,214.4499053955078,40.67607498168945,42.2770881652832
2022-03-25,428.3686218261719,350.394775390625,68.35926818847656,215.36581420898438,40.36082077026367,42.338619232177734
2022-03-28,431.41571044921875,355.816162109375,68.55899810791016,216.7632293701172,40.492183685302734,42.2067756652832
2022-03-29,436.7525939941406,361.93963623046875,68.86293029785156,220.04908752441406,41.113922119140625,43.03297424316406
2022-03-30,434.0557861328125,357.94183349609375,69.0192642211914,218.26455688476562,41.06138229370117,42.8747673034668
2022-03-31,427.375,353.50518798828125,69.07133483886719,214.9691925048828,40.395851135253906,42.21556091308594
2022-04-01,428.5863037109375,352.8324279785156,68.9216079711914,215.8284454345703,41.16646194458008,42.584720611572266
2022-04-04,432.2577819824219,360.09674072265625,68.97383880615234,217.6602020263672,41.88454055786133,42.769290924072266
2022-04-05,426.7978515625,352.1011047363281,68.27738189697266,214.4781951904297,41.148948669433594,42.2595100402832
2022-04-06,422.5301208496094,344.4564514160156,68.06848907470703,212.0138397216797,40.69359588623047,41.71456527709961
2022-04-07,424.6592102050781,345.27557373046875,67.92919921875,212.81642150878906,40.395851135253906,41.75851058959961
2022-04-08,423.5237121582031,340.44891357421875,67.56354522705078,212.15545654296875,40.47466278076172,41.74972152709961
2022-04-11,416.2847900390625,332.39471435546875,67.2501449584961,208.84124755859375,39.966766357421875,41.31024932861328
2022-04-12,414.7423095703125,330.99066162109375,67.46781921386719,208.19921875,39.80913162231445,41.03778076171875
2022-04-13,419.4925842285156,337.7187194824219,67.54615020751953,210.92799377441406,40.23823547363281,41.521202087402344
2022-04-14,414.2691955566406,329.9960632324219,67.08475494384766,208.35972595214844,39.80038070678711,41.31903839111328
2022-04-18,414.4394836425781,330.2496032714844,66.86710357666016,208.0009307861328,39.63399887084961,41.143245697021484
2022-04-19,421.129638671875,337.6309814453125,66.44922637939453,211.6644744873047,39.43258285522461,41.32782745361328
2022-04-20,420.8173828125,332.706787109375,66.86710357666016,211.39065551757812,39.17864227294922,41.63546371459961
2022-04-21,414.5247497558594,325.8227233886719,66.51020050048828,207.934814453125,38.46932601928711,41.143245697021484
2022-04-22,403.1505126953125,317.29071044921875,66.4231185913086,202.26951599121094,38.16282272338867,40.387367248535156
2022-04-25,405.48779296875,321.3666076660156,66.84101104736328,203.374267578125,37.768768310546875,40.15005111694336
2022-04-26,393.7445068359375,309.2366027832031,67.0151138305664,197.5767822265625,37.00690460205078,39.06016540527344
2022-04-27,394.85162353515625,308.86614990234375,66.8061752319336,197.96392822265625,37.52356719970703,39.23594665527344
2022-04-28,404.8254089355469,319.8357849121094,66.78002166748047,202.78884887695312,38.01396179199219,39.85121154785156
2022-04-29,389.8647766113281,305.4435729980469,66.327392578125,195.33900451660156,38.04023361206055,39.350215911865234
2022-05-02,392.2115783691406,310.5432434082031,65.98807525634766,196.81199645996094,37.9614143371582,39.2183723449707
2022-05-03,394.0094909667969,310.8747863769531,66.14509582519531,197.74671936035156,38.250396728515625,39.534793853759766
2022-05-04,406.0082092285156,321.38616943359375,66.57245635986328,203.54425048828125,38.62694549560547,40.21157455444336
2022-05-05,391.5775146484375,305.1997985839844,65.90960693359375,196.03770446777344,37.225833892822266,38.928321838378906
2022-05-06,389.240234375,301.5432434082031,65.63050079345703,194.46087646484375,36.717933654785156,38.57673645019531
2022-05-09,376.7778015136719,289.7447509765625,65.92704010009766,187.56813049316406,35.728397369384766,37.381378173828125
2022-05-10,377.6484069824219,293.26483154296875,66.1189193725586,187.94581604003906,35.877262115478516,37.56596755981445
2022-05-11,371.6489562988281,284.567138671875,66.34569549560547,184.546630859375,35.62330627441406,37.37260055541992
2022-05-12,371.2610778808594,283.89434814453125,66.47649383544922,184.74493408203125,35.448177337646484,37.23196792602539
2022-05-13,380.1371154785156,294.4154357910156,66.23230743408203,189.69256591796875,36.32387161254883,38.27790832519531
2022-05-16,378.59466552734375,291.002685546875,66.33699035644531,188.75784301757812,36.24504852294922,38.33064651489258
2022-05-17,386.3825378417969,298.5400390625,65.94448852539062,192.7896270751953,37.07696533203125,39.06895065307617
2022-05-18,370.80682373046875,283.8846435546875,66.22357940673828,185.24533081054688,36.271324157714844,38.13726806640625
2022-05-19,368.5357360839844,282.36346435546875,66.36315155029297,184.4239044189453,36.79674530029297,38.532798767089844
2022-05-20,368.6966552734375,281.4858703613281,66.563720703125,184.4239044189453,36.93685531616211,38.75253677368164
2022-05-23,375.5950012207031,286.1662292480469,66.32825469970703,187.57754516601562,37.19956588745117,39.420528411865234
2022-05-24,372.72772216796875,280.0816650390625,66.86900329589844,185.69859313964844,36.53404235839844,39.2798957824707
2022-05-25,376.0207824707031,284.0016174316406,67.13934326171875,187.7664337158203,36.735443115234375,39.26231384277344
2022-05-26,383.5342712402344,291.8705139160156,67.06958770751953,191.60935974121094,37.287139892578125,39.69300079345703
2022-05-27,392.9495849609375,301.39697265625,67.26144409179688,196.462646484375,37.6899528503418,40.185211181640625
2022-05-31,390.7447814941406,300.5974426269531,66.87769317626953,194.84799194335938,38.21537399291992,40.000633239746094
2022-06-01,387.5843200683594,298.37432861328125,66.578857421875,193.56387329101562,37.9614143371582,39.640262603759766
2022-06-02,394.9652099609375,306.54541015625,66.6400375366211,197.5106964111328,38.64445495605469,40.47526168823242
2022-06-03,388.48321533203125,298.5692443847656,66.54390716552734,194.3569793701172,38.04023361206055,39.85121154785156
2022-06-06,389.66607666015625,299.5637512207031,66.15066528320312,194.93301391601562,38.250396728515625,40.000633239746094
2022-06-07,393.40380859375,302.1477966308594,66.37785339355469,197.04806518554688,38.44305419921875,40.09731674194336
2022-06-08,389.126708984375,299.97332763671875,66.10694122314453,194.83859252929688,38.58316421508789,39.596317291259766
2022-06-09,379.8721618652344,291.9387512207031,66.01957702636719,190.1741485595703,37.751251220703125,38.770118713378906
2022-06-10,368.8575134277344,281.6418762207031,65.46033477783203,184.52772521972656,37.453514099121094,37.87359619140625
2022-06-13,354.8526611328125,268.5466003417969,64.4029541015625,176.99295043945312,36.23630905151367,36.581546783447266
2022-06-14,353.783447265625,269.0340576171875,64.05341339111328,176.4925079345703,36.76172637939453,36.24754333496094
2022-06-15,358.8270263671875,275.7524108886719,64.7874526977539,179.06076049804688,37.30464553833008,36.88917922973633
2022-06-16,346.9512939453125,264.6268005371094,64.92726135253906,172.81004333496094,36.139976501464844,36.00144577026367
2022-06-17,347.6991882324219,267.844482421875,64.96222686767578,173.46156311035156,36.29759979248047,35.878387451171875
2022-06-21,356.4520263671875,274.6021423339844,64.66511535644531,177.66329956054688,36.87632369995117,36.430511474609375
2022-06-22,355.8057861328125,274.20159912109375,65.19816589355469,177.63497924804688,36.26760482788086,36.09211349487305
2022-06-23,359.2935791015625,278.2852783203125,65.51276397705078,179.2456512451172,36.44404220581055,35.95853805541992
2022-06-24,370.7169189453125,287.82025146484375,65.39039611816406,185.03782653808594,37.22038269042969,37.02714538574219
2022-06-27,369.3009338378906,285.7100830078125,65.07582092285156,184.46905517578125,37.246856689453125,36.955902099609375
2022-06-28,361.755126953125,277.0054626464844,65.11080932617188,180.66758728027344,36.99983596801758,36.7599983215332
2022-06-29,361.46044921875,277.2593994140625,65.48652648925781,180.3642578125,36.90279769897461,36.53737258911133
2022-06-30,358.5238342285156,273.820556640625,65.76616668701172,178.80953979492188,36.74399185180664,36.33255386352539
2022-07-01,362.3157043457031,275.6279296875,66.29064178466797,180.69607543945312,36.5234489440918,36.412696838378906
2022-07-05,363.00006103515625,280.3465576171875,66.40447235107422,181.34066772460938,36.2323112487793,35.629058837890625
2022-07-06,364.22601318359375,282.1441345214844,66.00172424316406,181.70091247558594,35.98529052734375,35.629058837890625
2022-07-07,369.6810302734375,288.1817626953125,65.81782531738281,184.69656372070312,36.73516845703125,36.20787811279297
2022-07-08,369.3769836425781,288.543212890625,65.59893798828125,184.5069580078125,36.64695358276367,36.296932220458984
2022-07-11,365.1573181152344,282.37872314453125,65.84410858154297,182.17489624023438,35.738277435302734,35.6913948059082
2022-07-12,361.9261169433594,279.64312744140625,65.95792388916016,180.6012725830078,35.60593795776367,35.655765533447266
2022-07-13,360.02532958984375,279.0668029785156,66.1680679321289,179.81443786621094,35.500083923339844,35.611244201660156
2022-07-14,359.1510925292969,280.063232421875,65.95792388916016,179.01809692382812,35.26188278198242,35.085845947265625
2022-07-15,366.0126953125,285.14349365234375,66.19432830810547,182.49722290039062,35.38539123535156,35.62014389038086
2022-07-18,362.9905700683594,282.73040771484375,65.9929428100586,181.23641967773438,35.55301284790039,35.842777252197266
2022-07-19,372.7982482910156,291.42529296875,65.94041442871094,186.2986602783203,36.05586624145508,36.768898010253906
2022-07-20,375.1741638183594,296.04620361328125,65.87911987304688,187.8059539794922,35.90589904785156,36.59080123901367
2022-07-21,378.9945983886719,300.2959899902344,66.42198944091797,189.66400146484375,36.34700012207031,37.00042724609375
2022-07-22,375.478271484375,295.0302429199219,66.9648666381836,187.6068572998047,35.97647476196289,36.87575912475586
2022-07-25,375.9344482421875,293.34979248046875,66.71967315673828,187.86280822753906,36.14409637451172,37.17852783203125
2022-07-26,371.48681640625,287.5857849121094,66.73717498779297,185.5402374267578,35.80003356933594,36.67094421386719
2022-07-27,381.1329345703125,299.7391052246094,66.92106628417969,190.41293334960938,36.50580596923828,37.50801086425781
2022-07-28,385.9132080078125,302.6699523925781,67.38512420654297,192.89663696289062,36.6204833984375,37.74845504760742
2022-07-29,391.53936767578125,308.1898193359375,67.33258819580078,195.52256774902344,36.45286560058594,38.256038665771484
2022-08-01,390.37994384765625,308.004150390625,67.62474822998047,195.06753540039062,36.2323112487793,38.256038665771484
2022-08-02,387.8044128417969,307.0858154296875,66.94042205810547,194.0152587890625,36.02058410644531,37.65939712524414
2022-08-03,393.87725830078125,315.4485168457031,67.27384185791016,197.13417053222656,36.21466827392578,37.92655944824219
2022-08-04,393.6111755371094,316.9237365722656,67.44049835205078,196.94456481933594,36.514617919921875,38.113555908203125
2022-08-05,392.9459228515625,314.33477783203125,66.67723083496094,196.8782196044922,36.50580596923828,37.846412658691406
2022-08-08,392.48974609375,313.31878662109375,66.97549438476562,197.05828857421875,36.585201263427734,37.96217346191406
2022-08-09,390.93115234375,309.7724304199219,66.82635498046875,195.81646728515625,36.50580596923828,37.73064041137695
2022-08-10,399.1422424316406,318.41845703125,67.01060485839844,200.281494140625,36.96454620361328,38.63005447387695
2022-08-11,399.1422424316406,316.611083984375,66.63337707519531,200.29098510742188,37.1409912109375,38.63005447387695
2022-08-12,405.8993835449219,322.7757873535156,66.94042205810547,203.7605743408203,37.5291633605957,38.95063781738281
2022-08-15,407.57196044921875,325.3841857910156,67.01060485839844,204.55690002441406,37.388004302978516,38.67457580566406
2022-08-16,408.3703308105469,324.6221008300781,66.92288208007812,204.9929962158203,37.40564727783203,38.710201263427734
2022-08-17,405.4716491699219,320.9194641113281,66.52808380126953,203.15390014648438,37.317420959472656,38.380706787109375
2022-08-18,406.650146484375,321.6913146972656,66.65087890625,203.68475341796875,37.0792350769043,38.256038665771484
2022-08-19,401.1855163574219,315.4192199707031,66.22977447509766,200.77444458007812,36.66459655761719,37.686119079589844
2022-08-22,392.8319091796875,307.1151428222656,65.93151092529297,196.4800567626953,36.408756256103516,37.08057403564453
2022-08-23,391.8814697265625,306.86114501953125,65.90515899658203,196.11033630371094,36.638126373291016,37.15181350708008
2022-08-24,393.135986328125,307.7501525878906,65.73847198486328,196.93511962890625,36.66459655761719,37.19633865356445
2022-08-25,398.68603515625,313.1917724609375,66.09819030761719,199.7885284423828,37.343902587890625,37.632686614990234
2022-08-26,385.1910095214844,300.3546447753906,65.96659088134766,193.17160034179688,36.849853515625,36.63533020019531
2022-08-29,382.6440124511719,297.3944396972656,65.66828918457031,191.75906372070312,36.67341613769531,36.5462760925293
2022-08-30,378.4433288574219,294.0824890136719,65.72095489501953,189.62608337402344,36.2323112487793,36.243499755859375
2022-08-31,375.56378173828125,292.3729248046875,65.448974609375,188.2325439453125,36.28524398803711,36.02976989746094
2022-09-01,376.7422790527344,292.4999084472656,65.09378051757812,188.3463134765625,36.11762237548828,35.54890823364258
2022-09-02,372.7697448730469,288.36737060546875,65.26084899902344,186.47882080078125,35.826499938964844,35.32628631591797
2022-09-06,371.36322021484375,286.29620361328125,64.67176055908203,185.72036743164062,35.51771926879883,35.17490005493164
2022-09-07,378.03472900390625,292.079833984375,65.13771057128906,189.152099609375,35.81767272949219,35.4776725769043
2022-09-08,380.50567626953125,293.5940856933594,64.93550872802734,190.64993286132812,35.71179962158203,35.53110122680664
2022-09-09,386.41693115234375,300.0126953125,64.90914916992188,193.816162109375,36.18820571899414,36.448326110839844
2022-09-12,390.5699157714844,303.5784912109375,64.83004760742188,195.90174865722656,36.74399185180664,36.911376953125
2022-09-13,373.5870666503906,286.9312744140625,64.50473022460938,187.48367309570312,35.57948684692383,35.64686584472656
2022-09-14,375.0125732421875,289.2076110839844,64.58385467529297,188.2135772705078,35.75592041015625,35.807151794433594
2022-09-15,370.7549133300781,284.3912048339844,64.39044189453125,186.20387268066406,35.44715118408203,35.45985794067383
2022-09-16,367.9264831542969,282.6522216796875,64.32010650634766,184.5069580078125,34.997222900390625,35.228328704833984
2022-09-19,370.77972412109375,284.8533020019531,64.27613830566406,185.81520080566406,35.13938522338867,35.36231231689453
2022-09-20,366.52374267578125,282.5827331542969,63.95964431762695,183.6537322998047,35.014217376708984,34.77279281616211
2022-09-21,360.1301574707031,277.5228576660156,64.13549041748047,180.51593017578125,34.43301773071289,34.32617950439453
2022-09-22,357.1051330566406,274.1070861816406,63.476078033447266,178.49673461914062,34.33466720581055,34.1654052734375
2022-09-23,351.1219787597656,269.6441650390625,63.30026626586914,175.41790771484375,33.54783248901367,33.048885345458984
2022-09-26,347.6484069824219,268.5284729003906,62.491432189941406,173.4948272705078,33.0828857421875,32.52189254760742
2022-09-27,346.7608947753906,268.6361083984375,62.2188835144043,173.23779296875,33.06500244140625,32.325382232666016
2022-09-28,353.58392333984375,273.9798889160156,63.18594741821289,176.8839874267578,33.32429885864258,33.048885345458984
2022-09-29,346.19793701171875,266.0816650390625,62.86066818237305,173.209228515625,32.67158126831055,32.63800811767578
2022-09-30,340.844482421875,261.56988525390625,62.711246490478516,170.85775756835938,32.62687683105469,32.47722244262695
2022-10-03,349.84320068359375,267.7063903808594,63.236331939697266,175.19894409179688,33.12759017944336,33.20073699951172
2022-10-04,360.6836242675781,276.1232604980469,63.394962310791016,180.8253631591797,34.057491302490234,34.52268600463867
2022-10-05,359.8439025878906,275.9765319824219,63.06013107299805,180.4826202392578,34.120079040527344,34.111812591552734
2022-10-06,356.1318054199219,273.80364990234375,62.8222541809082,178.75950622558594,33.878665924072266,33.54015350341797
2022-10-07,346.19793701171875,263.37066650390625,62.496238708496094,173.6471710205078,33.208065032958984,33.01316452026367
2022-10-10,343.5545654296875,260.7378845214844,62.214271545410156,172.26675415039062,32.75205993652344,32.789852142333984
2022-10-11,341.3788146972656,257.1558532714844,62.23189163208008,171.1623992919922,32.24239730834961,32.4057731628418
2022-10-12,340.2528076171875,257.0677795410156,62.30240249633789,170.6959228515625,32.233455657958984,32.325382232666016
2022-10-13,349.2324523925781,263.0966491699219,62.082149505615234,174.932373046875,32.35863494873047,32.995296478271484
2022-10-14,341.27392578125,255.1886444091797,61.782554626464844,170.8101348876953,31.88475227355957,32.43257522583008
2022-10-17,350.0435485839844,263.61529541015625,61.91473388671875,175.3703155517578,32.69841384887695,33.29005432128906
2022-10-18,354.1564636230469,265.7000427246094,62.05571365356445,177.51235961914062,32.70734786987305,33.513362884521484
2022-10-19,351.6467590332031,264.7310791015625,61.544677734375,175.99862670898438,32.13509750366211,33.1292839050293
2022-10-20,348.6981201171875,263.38043212890625,61.13054656982422,174.47540283203125,32.385459899902344,33.039955139160156
2022-10-21,357.1719665527344,269.5561218261719,61.23625564575195,178.49293518066406,32.85934829711914,33.65626907348633
2022-10-24,361.54248046875,272.5216064453125,61.14815139770508,180.41595458984375,31.580745697021484,33.60268020629883
2022-10-25,367.31585693359375,278.1589660644531,61.72970199584961,183.68136596679688,31.840038299560547,34.35297775268555
2022-10-26,364.54833984375,272.0126647949219,61.97638702392578,182.54847717285156,32.26922607421875,34.70132827758789
2022-10-27,362.6017150878906,267.0604248046875,62.30240249633789,181.69166564941406,32.03675079345703,34.46909713745117
2022-10-28,371.2283020019531,275.23260498046875,62.179046630859375,185.91860961914062,31.81321144104004,34.737060546875
2022-10-31,368.5467529296875,272.0321960449219,61.98520278930664,184.7190704345703,31.696977615356445,34.451229095458984
2022-11-01,366.93408203125,269.25274658203125,62.0496711730957,184.14784240722656,32.224510192871094,34.745994567871094
2022-11-02,357.72540283203125,260.02349853515625,61.95252227783203,179.30210876464844,31.983104705810547,34.218994140625
2022-11-03,354.0419921875,254.94395446777344,61.714073181152344,177.5885009765625,32.24239730834961,33.94209671020508
2022-11-04,359.1377258300781,259.0447692871094,61.73174285888672,179.87332153320312,33.55677032470703,35.23726272583008
2022-11-07,362.5730895996094,261.89276123046875,61.493289947509766,181.5107879638672,33.49418640136719,35.38909912109375
2022-11-08,364.5292663574219,263.80133056640625,61.76707458496094,182.46279907226562,33.63725280761719,35.817848205566406
2022-11-09,357.019287109375,257.7137145996094,61.85538101196289,178.53099060058594,33.020294189453125,35.317649841308594
2022-11-10,376.63897705078125,276.73004150390625,63.13593673706055,188.6318359375,34.12902069091797,37.28271484375
2022-11-11,380.2843017578125,281.8291015625,63.13593673706055,190.55490112304688,34.81749725341797,37.97942352294922
2022-11-14,377.0492858886719,279.3628234863281,62.93281555175781,188.831787109375,34.701263427734375,37.541751861572266
2022-11-15,380.2651672363281,283.2287292480469,63.3743896484375,190.7453155517578,35.47021484375,37.77397918701172
2022-11-16,377.3641662597656,279.3628234863281,63.736454010009766,188.80323791503906,34.90691375732422,37.63106918334961
2022-11-17,376.2095031738281,278.7462158203125,63.47152328491211,188.0130615234375,35.09467697143555,37.586402893066406
2022-11-18,377.9176940917969,278.7559509277344,63.36555862426758,188.89837646484375,34.84432601928711,37.6489372253418
2022-11-21,376.54351806640625,275.8883972167969,63.36555862426758,188.0986785888672,34.522438049316406,37.345245361328125
2022-11-22,381.61065673828125,279.8619079589844,63.69232177734375,190.56446838378906,34.611846923828125,37.8990364074707
2022-11-23,384.01544189453125,282.67071533203125,64.08088684082031,191.7258758544922,34.79961395263672,38.33670425415039
2022-11-25,383.9295654296875,280.8111877441406,64.08088684082031,191.8686981201172,34.674434661865234,38.49748229980469
2022-11-28,377.8031921386719,276.6908874511719,64.00138854980469,188.7555694580078,34.59396743774414,37.96156311035156
2022-11-29,377.154296875,274.5964050292969,63.76295852661133,188.46051025390625,35.27350616455078,38.059818267822266
2022-11-30,389.0348815917969,287.11407470703125,64.25753021240234,194.26773071289062,36.230228424072266,38.774383544921875
2022-12-01,388.74859619140625,287.4665222167969,64.79305267333984,194.38197326660156,36.14081573486328,39.1048698425293
2022-12-02,388.3000793457031,286.3213806152344,65.05857849121094,194.2011260986328,36.364349365234375,39.06914520263672
2022-12-05,381.31488037109375,281.5159912109375,64.54520416259766,190.38352966308594,35.99775695800781,38.47962188720703
2022-12-06,375.8182678222656,275.6828308105469,64.75765991210938,187.5275115966797,36.024574279785156,38.22058868408203
2022-12-07,375.17889404296875,274.55731201171875,65.32412719726562,187.222900390625,35.80997848510742,38.22058868408203
2022-12-08,378.1180114746094,277.806640625,65.13826751708984,188.84129333496094,36.22128677368164,38.43496322631836
2022-12-09,375.29345703125,276.03521728515625,64.75765991210938,187.26095581054688,35.91728210449219,38.46176528930664
2022-12-12,380.7041320800781,279.4997253417969,64.75765991210938,189.95510864257812,35.81892395019531,38.56001281738281
2022-12-13,383.5860595703125,282.5044250488281,65.20022583007812,191.37362670898438,36.00669479370117,39.060211181640625
2022-12-14,381.1335754394531,280.4100036621094,65.35952758789062,190.30738830566406,36.06929016113281,39.04235076904297
2022-12-15,371.8104553222656,270.9947814941406,65.3949203491211,185.5663604736328,35.371864318847656,38.02408218383789
2022-12-16,367.4207763671875,268.4110412597656,65.22676849365234,183.44338989257812,35.3271598815918,37.72932815551758
2022-12-19,364.3050842285156,264.63885498046875,64.83731079101562,181.5964813232422,35.39530944824219,37.64799499511719
2022-12-20,364.8036804199219,264.432861328125,64.41243743896484,181.97727966308594,35.277164459228516,37.828731536865234
2022-12-21,370.2583923339844,268.2688293457031,64.56290435791016,184.7285919189453,35.60432052612305,38.20827865600586
2022-12-22,364.9761962890625,261.70556640625,64.55406188964844,182.1084442138672,35.28626251220703,37.87391662597656
2022-12-23,367.0755920410156,262.2941589355469,64.3517837524414,183.11289978027344,35.21356201171875,38.063690185546875
2022-12-27,365.6280517578125,258.58575439453125,63.85493850708008,182.34759521484375,35.76789474487305,38.135986328125
2022-12-28,361.0840759277344,255.17178344726562,63.76618957519531,180.05177307128906,35.24991226196289,37.702213287353516
2022-12-29,367.5837097167969,261.3915710449219,64.00574493408203,183.36158752441406,35.8587646484375,38.29865264892578
2022-12-30,366.61541748046875,261.23468017578125,63.73957443237305,182.8928680419922,35.42257308959961,37.92813491821289
2023-01-03,365.072021484375,259.46875,64.07673645019531,182.146728515625,35.804237365722656,38.135986328125
2023-01-04,367.8905334472656,260.70489501953125,64.44049072265625,183.76339721679688,36.73115158081055,38.7053108215332
2023-01-05,363.6915588378906,256.6236877441406,64.36951446533203,181.61102294921875,36.62211227416992,38.27153778076172
2023-01-06,372.03179931640625,263.7068176269531,65.07930755615234,185.6191864013672,37.24913787841797,39.3288688659668
2023-01-09,371.8209228515625,265.4139404296875,65.25675201416016,185.69569396972656,37.44905471801758,39.50056838989258
2023-01-10,374.428466796875,267.6604309082031,64.99945831298828,187.15933227539062,37.71259307861328,39.599971771240234
2023-01-11,379.1641845703125,272.291015625,65.3454818725586,189.62734985351562,37.86708068847656,39.898197174072266
2023-01-12,380.5445861816406,273.76263427734375,65.8512191772461,190.5457000732422,38.039737701416016,40.47655487060547
2023-01-13,382.0209655761719,275.64630126953125,65.62940979003906,191.35879516601562,38.29417419433594,40.684410095214844
2023-01-17,381.3210754394531,276.20550537109375,65.54067993164062,191.1005401611328,38.09425735473633,40.80189514160156
2023-01-18,375.30078125,272.61480712890625,66.14398956298828,188.08724975585938,37.86708068847656,40.62115478515625
2023-01-19,372.5687255859375,269.93658447265625,66.01093292236328,186.55665588378906,38.16695785522461,40.575965881347656
2023-01-20,379.50927734375,277.3238220214844,65.71813201904297,190.1343536376953,38.61223602294922,40.991668701171875
2023-01-23,384.0628356933594,283.4848937988281,65.55841064453125,192.5449981689453,38.893951416015625,41.163368225097656
2023-01-24,383.650634765625,282.90606689453125,65.8512191772461,192.2293243408203,38.9302978515625,41.154327392578125
2023-01-25,383.7944030761719,282.2781677246094,65.93106079101562,192.324951171875,38.93938446044922,41.362178802490234
2023-01-26,388.012451171875,287.7818908691406,65.8068618774414,194.30514526367188,39.2392692565918,41.488704681396484
2023-01-27,388.9040222167969,290.6465759277344,65.73584747314453,195.0895538330078,38.975738525390625,41.443511962890625
2023-01-30,384.0245056152344,284.77001953125,65.54950714111328,192.47804260253906,38.2760009765625,41.10011291503906
2023-01-31,389.6709289550781,289.03765869140625,65.8512191772461,195.5582733154297,38.3759651184082,41.3531494140625
2023-02-01,393.8122863769531,295.2182312011719,66.27452850341797,197.9402313232422,38.766719818115234,41.72365951538086
2023-02-02,399.5450134277344,305.81365966796875,66.31900787353516,200.8961181640625,38.49410629272461,41.714622497558594
2023-02-03,395.2981872558594,300.37860107421875,65.73204040527344,198.8203125,37.885257720947266,41.24470138549805
2023-02-06,392.8824157714844,297.837646484375,65.32292175292969,197.3279571533203,37.49449157714844,40.80189514160156
2023-02-07,398.020751953125,304.0085144042969,65.23401641845703,199.81517028808594,37.56719207763672,41.18144607543945
2023-02-08,393.66851806640625,298.6029357910156,65.34960174560547,197.6819610595703,37.49449157714844,40.937442779541016
2023-02-09,390.25567626953125,295.9638366699219,65.08280944824219,195.75918579101562,37.63988494873047,40.97359085083008
2023-02-10,391.1664733886719,294.0213928222656,64.80709838867188,196.1131134033203,37.32182312011719,40.85611343383789
2023-02-13,395.75836181640625,298.7304382324219,64.9849853515625,198.44723510742188,37.65806579589844,41.20855712890625
2023-02-14,395.57623291015625,300.93780517578125,64.76263427734375,198.52377319335938,37.549015045166016,41.24470138549805
2023-02-15,396.86077880859375,303.2432861328125,64.62035369873047,199.4134063720703,37.36725997924805,41.03684997558594
2023-02-16,391.3965148925781,297.55322265625,64.371337890625,196.75405883789062,37.29457092285156,40.84707260131836
2023-02-17,390.4186706542969,295.4537353515625,64.51360321044922,196.18008422851562,36.99468231201172,40.910335540771484
2023-02-21,382.5865478515625,288.4588317871094,63.95335006713867,192.11451721191406,36.58575439453125,40.39523696899414
2023-02-22,382.059326171875,288.6746520996094,64.09563446044922,191.951904296875,36.431270599365234,40.16027069091797
2023-02-23,384.0916442871094,291.1959533691406,64.32687377929688,192.9754638671875,36.558494567871094,40.39523696899414
2023-02-24,379.98858642578125,286.32012939453125,63.97111129760742,190.82310485839844,35.8587646484375,39.76264572143555
2023-02-27,381.2827453613281,288.37054443359375,64.07785034179688,191.50230407714844,36.04051208496094,40.2054557800293
2023-02-28,379.87359619140625,287.99774169921875,64.09563446044922,190.8613739013672,35.82241439819336,39.91626739501953
2023-03-01,378.41644287109375,285.6824645996094,63.71592712402344,191.32052612304688,36.540313720703125,40.169307708740234
2023-03-02,381.3594665527344,288.04681396484375,63.582210540771484,191.61708068847656,36.70389175415039,40.23255920410156
2023-03-03,387.4756164550781,294.00177001953125,64.07244873046875,194.73558044433594,36.97651672363281,40.81996154785156
2023-03-06,387.7440490722656,294.3353271484375,63.92091751098633,194.47731018066406,36.84928512573242,40.72056198120117
2023-03-07,381.8004150390625,290.7250061035156,63.84962463378906,191.5788116455078,36.30404281616211,39.97953414916992
2023-03-08,382.4236145019531,292.177001953125,63.796119689941406,191.82754516601562,36.4948844909668,40.187374114990234
2023-03-09,375.36798095703125,287.11474609375,64.01007080078125,188.03941345214844,35.74971008300781,39.78974914550781
2023-03-10,369.9516296386719,283.0826416015625,64.7766342163086,184.8730010986328,35.54979705810547,39.40115737915039
2023-03-13,369.42431640625,285.18212890625,65.29362487792969,184.10777282714844,35.51344680786133,39.175235748291016
2023-03-14,375.5309143066406,291.735595703125,64.88359069824219,187.388916015625,35.531620025634766,39.6361198425293
2023-03-15,373.1822204589844,293.2659912109375,65.55213928222656,185.9444122314453,34.940940856933594,38.4522819519043
2023-03-16,379.729736328125,300.9967041015625,65.24015808105469,189.15863037109375,35.3862190246582,39.04872131347656
2023-03-17,375.28973388671875,299.57415771484375,65.71259307861328,186.71929931640625,35.2044792175293,38.596866607666016
2023-03-20,378.8982849121094,300.6373291015625,65.4273681640625,188.3455047607422,35.266319274902344,39.18648910522461
2023-03-21,383.8734436035156,304.9311218261719,65.24906921386719,191.0335693359375,35.63916778564453,39.6944580078125
2023-03-22,377.3297119140625,300.78472900390625,65.82846069335938,187.61851501464844,35.748291015625,39.540245056152344
2023-03-23,378.349853515625,304.3514099121094,65.9800033569336,187.96038818359375,36.1848030090332,39.56745529174805
2023-03-24,380.8326110839844,305.4715576171875,66.11373901367188,189.14175415039062,36.1120491027832,39.431396484375
2023-03-27,381.5447082519531,303.378662109375,65.4273681640625,189.6219940185547,35.93926239013672,39.776092529296875
2023-03-28,380.688232421875,301.7672424316406,65.31147766113281,189.35304260253906,36.3666877746582,39.83052444458008
2023-03-29,386.2215270996094,307.2696533203125,65.38279724121094,192.08078002929688,36.49399185180664,40.2840690612793
2023-03-30,388.4828796386719,310.1781005859375,65.47191619873047,193.11802673339844,36.848663330078125,40.782962799072266
2023-03-31,393.9584655761719,315.3365478515625,65.81067657470703,196.0281982421875,36.73953628540039,40.97345733642578
2023-04-03,395.4596252441406,314.5700988769531,66.09032440185547,196.54684448242188,36.894126892089844,41.309085845947266
2023-04-04,393.265625,313.509033203125,66.35841369628906,195.23104858398438,36.930503845214844,41.300010681152344
2023-04-05,392.23590087890625,310.41387939453125,66.5371322631836,194.52027893066406,36.60311508178711,40.98252868652344
2023-04-06,393.7660217285156,312.5067443847656,66.519287109375,195.16380310058594,36.821380615234375,41.11859893798828
2023-04-10,394.170166015625,312.32989501953125,66.07247161865234,195.60557556152344,36.73953628540039,41.15488052368164
2023-04-11,394.2759704589844,310.3254089355469,66.09928894042969,195.80731201171875,37.01234817504883,41.336299896240234
2023-04-12,392.6689147949219,307.5840759277344,66.1707763671875,194.9813232421875,36.730438232421875,41.572139739990234
2023-04-13,397.8846435546875,313.60723876953125,66.13502502441406,197.5168914794922,37.17604064941406,42.179893493652344
2023-04-14,396.9126892089844,313.0176696777344,65.84012603759766,196.9694366455078,36.975975036621094,41.97126007080078
2023-04-17,398.33697509765625,313.28302001953125,65.4826889038086,197.75701904296875,37.17604064941406,41.93498229980469
2023-04-18,398.5967102050781,313.30267333984375,65.58097839355469,197.85305786132812,37.10328674316406,42.0982551574707
2023-04-19,398.5293884277344,313.15521240234375,65.49163055419922,197.94911193847656,36.72134017944336,41.93498229980469
2023-04-20,396.3546142578125,310.7676086425781,65.77757263183594,196.71969604492188,36.67588424682617,41.95311737060547
2023-04-21,396.66253662109375,311.0918273925781,65.66141510009766,196.89260864257812,36.3303108215332,42.08918762207031
2023-04-24,397.0763244628906,310.4433898925781,65.92056274414062,196.9694366455078,36.28483581542969,42.17081832885742
2023-04-25,390.7731628417969,304.5872802734375,66.34947967529297,193.68467712402344,35.666446685791016,41.508636474609375
2023-04-26,389.1180419921875,306.4344482421875,66.11714935302734,192.81068420410156,35.911983489990234,41.5177116394043
2023-04-27,396.8646240234375,314.7667236328125,65.83119201660156,196.43162536621094,36.37577438354492,42.04383087158203
2023-04-28,400.2519226074219,316.9381408691406,66.19756317138672,198.14120483398438,36.59403991699219,42.05290603637695
2023-05-01,399.8477783203125,316.5745849609375,65.51678466796875,198.04515075683594,36.47580337524414,42.01661682128906
2023-05-02,395.353759765625,313.8135986328125,66.16175842285156,195.6248016357422,36.0938606262207,41.572139739990234
2023-05-03,392.64007568359375,311.7599792480469,66.43943786621094,194.48187255859375,36.084774017333984,41.65378189086914
2023-05-04,389.8590393066406,310.6595153808594,66.349853515625,193.03160095214844,36.39396286010742,41.59028625488281
2023-05-05,397.0763244628906,317.26239013671875,66.10797882080078,196.59486389160156,36.784996032714844,42.261531829833984
2023-05-08,397.1821594238281,318.0484313964844,65.79449462890625,196.80616760253906,36.79409408569336,42.27968215942383
2023-05-09,395.4403991699219,316.0342102050781,65.72283172607422,195.9993896484375,36.566741943359375,42.11639404296875
2023-05-10,397.28802490234375,319.47320556640625,66.12589263916016,196.86378479003906,36.575843811035156,42.05290603637695
2023-05-11,396.59515380859375,320.5147399902344,66.34088134765625,196.60446166992188,36.430335998535156,41.8624153137207
2023-05-12,396.0755310058594,319.3650817871094,65.99153137207031,196.14344787597656,36.0211067199707,41.77170944213867
2023-05-15,397.4419860839844,321.0944519042969,65.82134246826172,196.97906494140625,36.64859390258789,42.134544372558594
2023-05-16,394.7860107421875,321.4580078125,65.66011047363281,195.4519500732422,36.39396286010742,41.699134826660156
2023-05-17,399.5782775878906,325.3489685058594,65.54367065429688,197.98751831054688,36.52128219604492,41.91683578491211
2023-05-18,403.4275207519531,331.3917236328125,65.27491760253906,199.9564666748047,36.29393005371094,41.835201263427734
2023-05-19,402.84051513671875,330.64501953125,65.09577178955078,199.47621154785156,36.27573776245117,42.08918762207031
2023-05-22,403.004150390625,331.7553405761719,65.0778579711914,199.82199096679688,36.51218795776367,42.12546920776367
2023-05-23,398.48126220703125,327.5498962402344,65.12264251708984,197.708984375,35.966548919677734,41.53585433959961
2023-05-24,395.5943603515625,325.86968994140625,64.94347381591797,196.18185424804688,35.71192169189453,40.94624710083008
2023-05-25,399.0201416015625,333.7990417480469,64.7016372680664,197.5168914794922,35.64826202392578,40.85553741455078
2023-05-26,404.1877746582031,342.3277587890625,64.7822494506836,200.1197052001953,36.2393684387207,41.23651885986328
2023-05-30,404.34173583984375,343.88031005859375,65.21221923828125,200.18695068359375,35.766483306884766,40.882747650146484
2023-05-31,402.0995788574219,341.9249572753906,65.42720031738281,198.9863739013672,35.51184844970703,40.48363494873047
2023-06-01,405.9198303222656,345.8748779296875,65.6041259765625,200.97451782226562,36.12114715576172,41.109527587890625
2023-06-02,411.78997802734375,348.4688415527344,65.23591613769531,204.2976837158203,36.69405746459961,41.717281341552734
2023-06-05,411.0008850097656,348.7145080566406,65.2448959350586,203.75982666015625,36.657691955566406,41.4542236328125
2023-06-06,411.8958435058594,348.65557861328125,65.33470153808594,204.6914520263672,36.939598083496094,41.817054748535156
2023-06-07,410.4715576171875,342.740478515625,64.96650695800781,204.28807067871094,36.85775375366211,41.417938232421875
2023-06-08,412.9543762207031,346.9949951171875,65.28980255126953,205.24853515625,37.057823181152344,41.84427261352539
2023-06-09,413.6953430175781,348.32147216796875,65.15509796142578,205.4694366455078,37.15785217285156,41.82612991333008
2023-06-12,417.44830322265625,354.2070617675781,65.28980255126953,207.3135223388672,37.24879455566406,42.01661682128906
2023-06-13,420.2005310058594,356.92877197265625,65.00242614746094,208.8406219482422,37.557987213134766,42.424808502197266
2023-06-14,420.7008972167969,359.5228271484375,65.05631256103516,208.8406219482422,37.912654876708984,42.53365707397461
2023-06-15,425.9166259765625,363.8067932128906,65.46043395996094,211.38580322265625,38.276405334472656,42.93278503417969
2023-06-16,424.4658508300781,361.51739501953125,65.3167495727539,210.5886688232422,38.13999938964844,42.80579376220703
2023-06-20,422.2636413574219,360.9998474121094,65.40656280517578,209.55136108398438,37.46064376831055,42.23087692260742
2023-06-21,420.1000671386719,356.0802917480469,65.51432037353516,208.39883422851562,37.396644592285156,42.294960021972656
2023-06-22,421.61651611328125,360.2816162109375,65.19998931884766,208.95590209960938,37.23206329345703,42.03862380981445
2023-06-23,418.4290771484375,356.7099914550781,65.38858795166016,207.22720336914062,36.71088409423828,41.361175537109375
2023-06-26,416.719482421875,351.9281005859375,65.46942901611328,206.50411987304688,36.82974624633789,41.48933792114258
2023-06-27,421.2881164550781,357.9792175292969,65.34369659423828,209.02049255371094,37.17720031738281,41.82806396484375
2023-06-28,421.5006408691406,358.6778564453125,65.55023956298828,209.19400024414062,37.03090286254883,41.83721923828125
2023-06-29,423.1618957519531,357.9595031738281,65.05631256103516,210.1967010498047,36.87547302246094,41.782291412353516
2023-06-30,428.1554870605469,363.4792785644531,65.28083038330078,212.37557983398438,37.19548416137695,42.27664566040039
2023-07-03,428.64813232421875,364.3353576660156,65.09534454345703,213.01193237304688,37.56122970581055,42.34988784790039
2023-07-05,428.0106201171875,364.3255615234375,64.82522583007812,212.365966796875,37.378353118896484,41.89214324951172
2023-07-06,424.65899658203125,361.5508728027344,64.41108703613281,210.47628784179688,36.6651725769043,41.150611877441406
2023-07-07,423.5869140625,360.3504638671875,64.37508392333984,210.21597290039062,37.10405349731445,41.49850082397461
2023-07-10,424.65899658203125,360.4685363769531,64.60015106201172,211.1318817138672,37.113197326660156,41.60834884643555
2023-07-11,427.36346435546875,362.2493896484375,64.73521423339844,212.7901611328125,37.442359924316406,42.011165618896484
2023-07-12,430.80206298828125,366.8246765136719,65.24839782714844,214.4195098876953,38.15554428100586,42.816776275634766
2023-07-13,434.2212829589844,373.0528564453125,65.64456939697266,216.23207092285156,38.57613754272461,43.47591781616211
2023-07-14,433.9508056640625,372.97418212890625,65.33847045898438,215.9138946533203,38.33841323852539,43.210426330566406
2023-07-17,435.4576110839844,376.45721435546875,65.41048431396484,216.7333984375,38.38412857055664,43.19212341308594
2023-07-18,438.6932678222656,379.536865234375,65.49150848388672,218.45916748046875,38.10982894897461,43.50338363647461
2023-07-19,439.66888427734375,379.4483947753906,65.64456939697266,219.02801513671875,38.054962158203125,43.49422836303711
2023-07-20,436.7518310546875,370.7012939453125,65.33847045898438,217.44683837890625,37.817237854003906,43.23789978027344
2023-07-21,436.7518310546875,369.58953857421875,65.38346862792969,217.42755126953125,37.7989501953125,43.29282760620117
2023-07-24,438.70294189453125,370.1798095703125,65.2754135131836,218.1988525390625,38.30183792114258,43.2470588684082
2023-07-25,439.9006652832031,372.6888427734375,65.20339965820312,218.74839782714844,38.59442901611328,43.375221252441406
2023-07-26,439.96826171875,371.4490966796875,65.41948699951172,218.91229248046875,38.83216094970703,43.430145263671875
2023-07-27,437.05126953125,370.5635681152344,64.86123657226562,217.22511291503906,38.40241241455078,43.2470588684082
2023-07-28,441.3301696777344,377.3132629394531,65.08636474609375,219.4907684326172,39.335052490234375,43.60408401489258
2023-07-31,442.1704406738281,377.5099792480469,65.20339965820312,220.15602111816406,39.38075637817383,43.60408401489258
2023-08-01,440.9051818847656,376.63433837890625,64.79986572265625,219.5582733154297,38.83216094970703,43.118873596191406
2023-08-02,434.7718200683594,368.3694763183594,64.59225463867188,216.44419860839844,37.990962982177734,42.285804748535156
2023-08-03,433.5257568359375,367.779052734375,64.19500732421875,215.8175048828125,38.15554428100586,42.15763473510742
2023-08-04,431.5650634765625,366.0571594238281,64.72760772705078,214.90155029296875,38.20125961303711,42.27664566040039
2023-08-07,435.33197021484375,369.1565856933594,64.62835693359375,216.5502166748047,38.13725280761719,42.6153678894043
2023-08-08,433.4389343261719,366.017822265625,64.86306762695312,215.5475616455078,37.74409103393555,42.294960021972656
2023-08-09,430.541259765625,361.99359130859375,64.88109588623047,214.00494384765625,37.80809783935547,42.33157730102539
2023-08-10,430.6958312988281,362.66265869140625,64.52000427246094,214.04351806640625,37.88124084472656,42.45974349975586
2023-08-11,430.4446716308594,360.3504638671875,64.31238555908203,213.84103393554688,37.33263397216797,42.22172164916992
2023-08-14,432.82073974609375,364.3944396972656,64.23111724853516,214.90155029296875,37.15890884399414,42.04777526855469
2023-08-15,427.7788391113281,360.5276184082031,64.0866470336914,212.46238708496094,36.76573944091797,41.46187210083008
2023-08-16,424.63970947265625,356.7099914550781,63.90613555908203,210.70767211914062,36.518863677978516,41.13230514526367
2023-08-17,421.4040222167969,352.8136901855469,63.84292984008789,208.98190307617188,36.637733459472656,40.857662200927734
2023-08-18,421.6069030761719,352.3708801269531,63.97835922241211,209.2229461669922,36.409149169921875,40.857662200927734
2023-08-21,424.3500061035156,358.0481262207031,63.67140579223633,210.4281005859375,36.49143981933594,40.9858283996582
2023-08-22,423.2005615234375,357.5364685058594,63.752647399902344,209.86888122558594,36.42743682861328,40.8942756652832
2023-08-23,427.9140319824219,363.17437744140625,64.33043670654297,212.1634521484375,36.966896057128906,41.333709716796875
2023-08-24,421.9835510253906,355.41119384765625,64.17695617675781,209.31935119628906,36.81145477294922,40.8118896484375
2023-08-25,424.9585266113281,358.1661071777344,64.17695617675781,210.74620056152344,36.78403091430664,41.0682258605957
2023-08-28,427.6532897949219,360.86212158203125,64.2943115234375,212.09600830078125,37.14976119995117,41.49850082397461
2023-08-29,433.8348693847656,368.74334716796875,64.69154357910156,215.18116760253906,37.64351272583008,42.02947235107422
2023-08-30,435.62176513671875,370.7997131347656,64.6644515991211,216.1356658935547,37.5063591003418,42.02031326293945
2023-08-31,434.9842834472656,371.9115295410156,64.77277374267578,215.90426635742188,37.05833053588867,41.882991790771484
2023-09-01,435.79559326171875,371.5179443359375,64.46137237548828,216.61770629882812,37.46064376831055,41.94707107543945
2023-09-05,433.912109375,371.9902648925781,64.10835266113281,215.32579040527344,37.24120330810547,41.57173156738281
2023-09-06,430.9952392578125,368.7137756347656,64.03591918945312,213.97601318359375,37.06747055053711,41.406944274902344
2023-09-07,429.6719970703125,366.07684326171875,64.25316619873047,213.2432861328125,36.683448791503906,41.24215316772461
2023-09-08,430.319091796875,366.5885009765625,64.27127838134766,213.47470092773438,36.75659942626953,41.18723678588867
2023-09-11,433.1491394042969,370.90789794921875,64.17170715332031,214.81480407714844,37.17720031738281,41.65412902832031
2023-09-12,430.7730712890625,366.795166015625,64.21697235107422,213.7735595703125,37.07661437988281,41.47102737426758
2023-09-13,431.2753601074219,368.1922607421875,64.31654357910156,213.802490234375,37.040042877197266,41.38862991333008
2023-09-14,434.993896484375,371.2031555175781,64.2079086303711,215.63430786132812,37.259490966796875,41.94707107543945
2023-09-15,429.7530212402344,364.8469543457031,64.08116912841797,213.09866333007812,37.06747055053711,41.855525970458984
2023-09-18,430.0050048828125,365.2273254394531,64.1445541381836,213.11798095703125,37.01032638549805,41.698829650878906
2023-09-19,429.11322021484375,364.44891357421875,64.0087661743164,212.57806396484375,36.825965881347656,41.70805358886719
2023-09-20,425.1683044433594,359.1970520019531,63.92729187011719,210.69802856445312,36.715354919433594,41.56978988647461
2023-09-21,418.1409606933594,352.6148986816406,63.52900695800781,207.1641845703125,36.12540054321289,40.87849426269531
2023-09-22,417.20074462890625,352.6641845703125,63.791507720947266,206.72872924804688,36.5494270324707,40.92458724975586
2023-09-25,418.95513916015625,354.3392639160156,63.32078170776367,207.56092834472656,36.41115188598633,40.767887115478516
2023-09-26,412.8002014160156,349.0184631347656,63.257423400878906,204.57089233398438,35.98712158203125,40.18720245361328
2023-09-27,412.9649658203125,349.8363342285156,63.031105041503906,204.78378295898438,36.03321075439453,40.095035552978516
2023-09-28,415.3591003417969,352.7627258300781,63.19404983520508,206.1384735107422,36.106956481933594,40.426856994628906
2023-09-29,414.3510437011719,353.0189208984375,63.16690444946289,205.53851318359375,36.14383316040039,40.29780960083008
2023-10-02,414.1862487792969,355.965087890625,62.732994079589844,205.267578125,36.0147819519043,39.67103958129883
2023-10-03,408.6419372558594,349.718017578125,62.22468566894531,202.2872314453125,35.55387496948242,39.17330551147461
2023-10-04,411.61767578125,354.47723388671875,62.63314437866211,203.7483673095703,35.40638732910156,39.19174575805664
2023-10-05,411.4625549316406,353.4327697753906,62.678565979003906,203.64193725585938,35.55387496948242,39.55121612548828
2023-10-06,416.3477783203125,359.354736328125,62.433467864990234,206.0707244873047,36.04243469238281,39.96599197387695
2023-10-09,419.0133056640625,361.1874084472656,63.0688591003418,207.3673858642578,35.821197509765625,39.93833923339844
2023-10-10,421.1941833496094,363.18768310546875,63.00531005859375,208.6543731689453,36.39271545410156,40.445289611816406
2023-10-11,422.9195861816406,365.7790832519531,63.29581069946289,209.4768524169922,36.50333023071289,40.62041473388672
2023-10-12,420.3412170410156,364.508056640625,62.751163482666016,207.7931365966797,36.116172790527344,40.270164489746094
2023-10-13,418.2475891113281,359.9261474609375,63.0416259765625,206.62228393554688,35.9779052734375,39.91069030761719
2023-10-16,422.6481628417969,363.9956359863281,62.71485137939453,209.0220489501953,36.23600769042969,40.22407531738281
2023-10-17,422.6287536621094,362.8033752441406,62.3063850402832,209.2930145263672,36.07929992675781,40.23329544067383
2023-10-18,416.9971923828125,358.0441589355469,62.034061431884766,206.19651794433594,35.489356994628906,39.55121612548828
2023-10-19,413.33331298828125,354.69403076171875,61.76174545288086,204.25157165527344,35.36030578613281,39.22861099243164
2023-10-20,408.2541809082031,349.4027404785156,61.98865509033203,201.72601318359375,34.936275482177734,38.859920501708984
2023-10-23,407.5466003417969,350.45703125,62.22468566894531,201.17442321777344,34.862525939941406,38.878353118896484
2023-10-24,410.6192626953125,353.8663024902344,62.433467864990234,202.6936492919922,35.2957763671875,39.07191848754883
2023-10-25,404.7259826660156,345.2051696777344,61.96144485473633,199.68423461914062,34.9178352355957,38.73088073730469
2023-10-26,399.87957763671875,338.623046875,62.37899398803711,197.6134796142578,34.788787841796875,38.44514846801758
2023-10-27,398.0669860839844,340.2488708496094,62.37899398803711,196.5490264892578,34.825653076171875,38.32532501220703
2023-10-30,402.826171875,344.08184814453125,62.22468566894531,198.8133544921875,35.139068603515625,38.8507080078125
2023-10-31,405.3560791015625,345.72735595703125,62.20649337768555,200.10031127929688,34.97314453125,38.933658599853516
2023-11-01,409.6791076660156,351.7281494140625,62.81013107299805,202.10333251953125,35.22202682495117,39.33000183105469
2023-11-02,417.5303039550781,358.11309814453125,63.17431640625,206.11911010742188,35.76589584350586,40.21485900878906
2023-11-03,421.339599609375,362.320556640625,63.54758834838867,208.44146728515625,36.42036819458008,40.73102569580078
2023-11-06,422.30889892578125,363.798583984375,63.27445602416992,208.52857971191406,36.53098678588867,40.60197830200195
2023-11-07,423.5107727050781,367.2374572753906,63.59309387207031,209.14785766601562,36.54020309448242,40.29780960083008
2023-11-08,423.8209533691406,367.47393798828125,63.793392181396484,209.1188201904297,36.3742790222168,40.20563507080078
2023-11-09,420.5157165527344,364.64599609375,63.319984436035156,207.33836364746094,36.05165100097656,40.18720245361328
2023-11-10,427.07781982421875,372.84405517578125,63.438323974609375,210.4251251220703,36.300533294677734,40.39921188354492
2023-11-13,426.6706848144531,371.6813049316406,63.42013168334961,210.29934692382812,36.36506652832031,40.45450210571289
2023-11-14,434.94842529296875,379.6823425292969,64.1939926147461,214.9634552001953,37.2131233215332,41.551361083984375
2023-11-15,435.86920166015625,379.96807861328125,63.83892822265625,215.4956512451172,37.471229553222656,41.514488220214844
2023-11-16,436.40228271484375,380.2932434082031,64.22128295898438,215.3505096435547,37.08407211303711,41.42231750488281
2023-11-17,436.94512939453125,380.3818664550781,64.31232452392578,215.8923797607422,37.2315559387207,41.93848419189453
2023-11-20,440.3085021972656,385.01300048828125,64.40336608886719,217.5180206298828,37.6279296875,42.122833251953125
2023-11-21,439.3489074707031,382.7762756347656,64.49442291259766,216.92776489257812,37.40670394897461,41.95691680908203
2023-11-22,441.04522705078125,384.3429260253906,64.54903411865234,217.85671997070312,37.30530548095703,42.03987121582031
2023-11-24,441.3166198730469,383.80108642578125,64.239501953125,218.08897399902344,37.42513656616211,42.31638717651367
2023-11-27,440.52178955078125,383.4660339355469,64.63099670410156,217.80831909179688,37.24999237060547,42.205787658691406
2023-11-28,440.95794677734375,384.4710998535156,64.90410614013672,217.94378662109375,37.55419158935547,42.27952194213867
2023-11-29,440.6477966308594,384.09661865234375,65.24095916748047,218.0405731201172,37.34217071533203,42.38091278076172
2023-11-30,442.3828430175781,383.13104248046875,65.03154754638672,218.94049072265625,37.45278549194336,42.36247634887695
2023-12-01,444.9998779296875,384.2247009277344,65.56200408935547,220.7886962890625,37.609493255615234,42.795684814453125
2023-12-04,442.6639099121094,380.6577453613281,65.29722595214844,219.99522399902344,37.27764892578125,42.417781829833984
2023-12-05,442.57672119140625,381.61358642578125,65.71723937988281,219.56944274902344,37.148597717285156,42.27952194213867
2023-12-06,440.79327392578125,379.4064025878906,65.9089584350586,218.64047241210938,37.102500915527344,42.36247634887695
2023-12-07,444.1565856933594,384.7075500488281,65.89069366455078,220.39193725585938,37.24999237060547,42.56526184082031
2023-12-08,446.0661315917969,386.42205810546875,65.57115936279297,221.44671630859375,37.06562805175781,42.66664505004883
2023-12-11,447.8011474609375,389.7229309082031,65.58027648925781,222.35629272460938,37.2315559387207,42.78646469116211
2023-12-12,449.8463439941406,392.82684326171875,65.7719955444336,223.19813537597656,37.2315559387207,42.795684814453125
2023-12-13,456.0498046875,397.8225402832031,66.61195373535156,226.66232299804688,37.58184051513672,43.486976623535156
2023-12-14,457.513427734375,397.47760009765625,67.1141128540039,228.00735473632812,38.07961654663086,43.86488723754883
2023-12-15,456.7601318359375,399.3990478515625,67.013671875,227.69772338867188,37.85838317871094,43.41324234008789
2023-12-18,459.3294677734375,401.9147033691406,66.876708984375,228.6846923828125,37.85367202758789,43.562652587890625
2023-12-19,462.12255859375,403.96832275390625,67.00453186035156,230.35874938964844,38.117332458496094,43.982872009277344
2023-12-20,455.7187805175781,397.9654846191406,67.22367095947266,226.92356872558594,37.31693649291992,43.525306701660156
2023-12-21,460.0398864746094,402.5958557128906,67.21453094482422,229.43276977539062,38.0420036315918,44.26301956176758
2023-12-22,460.96441650390625,403.1982116699219,67.16967010498047,229.95755004882812,37.91016387939453,44.36574172973633
2023-12-26,462.9108581542969,405.6664733886719,67.2337646484375,231.0945587158203,38.154998779296875,44.56184005737305
2023-12-27,463.7478332519531,406.4922790527344,67.66410064697266,231.53189086914062,38.362159729003906,44.81397247314453
2023-12-28,463.9230041503906,406.29473876953125,67.49927520751953,231.41526794433594,38.597564697265625,44.73926544189453
2023-12-29,462.5799560546875,404.53643798828125,67.34364318847656,230.5309295654297,38.701141357421875,44.72993087768555
2024-01-02,459.9912109375,397.69073486328125,67.05976867675781,228.98574829101562,38.24916076660156,44.23500442504883
2024-01-03,456.234619140625,393.4825744628906,67.11473846435547,226.7894744873047,38.13616180419922,43.880149841308594
2024-01-04,454.76507568359375,391.4575500488281,66.81257629394531,226.20639038085938,38.070247650146484,43.982872009277344
2024-01-05,455.3879089355469,391.92181396484375,66.61114501953125,226.54653930664062,38.12675094604492,44.01089096069336
2024-01-08,461.8890075683594,400.0220031738281,66.90413665771484,229.78265380859375,38.192665100097656,44.46846008300781
2024-01-09,461.1882629394531,400.8122863769531,66.8949966430664,229.35504150390625,37.750091552734375,44.06692123413086
2024-01-10,463.7965087890625,403.5288391113281,66.77595520019531,230.54063415527344,37.712425231933594,44.30971145629883
2024-01-11,463.5921325683594,404.3684997558594,67.12389373779297,230.38514709472656,37.872501373291016,44.26301956176758
2024-01-12,463.91326904296875,404.575927734375,67.26122283935547,230.42404174804688,38.05141830444336,44.42177200317383
2024-01-16,462.21014404296875,404.53643798828125,66.78512573242188,229.35504150390625,37.26044845581055,43.62802505493164
2024-01-17,459.640869140625,402.2544860839844,66.62945556640625,227.97508239746094,36.761375427246094,43.15177536010742
2024-01-18,463.7283020019531,407.9642333984375,66.53791046142578,229.98670959472656,36.97795867919922,43.54397964477539
2024-01-19,469.5093078613281,416.05450439453125,66.53791046142578,232.78549194335938,37.31693649291992,43.684051513671875
2024-01-22,470.5019836425781,416.5978088378906,66.64778137207031,233.79617309570312,37.0250358581543,43.79610824584961
2024-01-23,471.87420654296875,418.3265380859375,66.49211120605469,234.22377014160156,37.23219680786133,43.721397399902344
2024-01-24,472.3900451660156,420.64794921875,66.35480499267578,234.18490600585938,37.712425231933594,43.992210388183594
2024-01-25,474.95928955078125,421.16156005859375,66.66607666015625,235.4871368408203,37.80659866333008,44.10426712036133
2024-01-26,474.3558654785156,418.65252685546875,66.56537628173828,235.2927703857422,37.81600570678711,44.29103469848633
2024-01-29,478.112548828125,422.9397277832031,66.83091735839844,237.4307403564453,37.8254280090332,44.55250549316406
2024-01-30,477.7427062988281,420.1243896484375,66.94994354248047,237.1002960205078,37.46760177612305,44.4964714050293
2024-01-31,469.947265625,411.8957824707031,67.2337646484375,233.10618591308594,37.326358795166016,44.244346618652344
2024-02-01,476.09796142578125,416.7460021972656,67.6396484375,236.2451629638672,37.580596923828125,44.71125411987305
2024-02-02,481.1100158691406,423.7892761230469,67.03356170654297,238.26646423339844,37.31693649291992,44.39375686645508
2024-02-05,479.35821533203125,423.236083984375,66.50098419189453,237.13916015625,37.41110610961914,44.10426712036133
2024-02-06,480.74993896484375,422.38653564453125,66.81320190429688,237.94578552246094,38.33390426635742,44.37508010864258
2024-02-07,484.7596130371094,426.73297119140625,66.68462371826172,239.82135009765625,38.3056526184082,44.40309143066406
2024-02-08,484.97369384765625,427.5232849121094,66.51018524169922,240.41415405273438,38.107913970947266,44.32838439941406
2024-02-09,487.77655029296875,431.73138427734375,66.455078125,241.88156127929688,38.25857925415039,44.48713684082031
2024-02-12,487.5624694824219,430.0422058105469,66.47345733642578,242.11480712890625,38.42806625366211,44.59919357299805
2024-02-13,480.8472595214844,423.3348083496094,65.89493560791016,238.23728942871094,37.72184371948242,43.80544662475586
2024-02-14,485.21697998046875,427.94805908203125,66.14286041259766,240.87091064453125,38.26798629760742,44.347068786621094
2024-02-15,488.5649108886719,429.22235107421875,66.32650756835938,242.72705078125,38.50339889526367,44.84198760986328
2024-02-16,486.1318664550781,425.3302917480469,66.11531066894531,241.4539794921875,38.69172668457031,44.879337310791016
2024-02-20,483.45550537109375,422.1198425292969,66.19795989990234,239.93795776367188,38.767059326171875,45.0380859375
2024-02-21,483.8934020996094,420.4306640625,66.01429748535156,239.98654174804688,38.804725646972656,45.06610107421875
2024-02-22,493.9078063964844,432.73895263671875,66.0418472290039,244.7289581298828,39.14371109008789,45.542354583740234
2024-02-23,494.2484436035156,431.46466064453125,66.28060150146484,244.8941650390625,39.15312576293945,45.617061614990234
2024-02-26,492.43829345703125,431.23748779296875,66.16121673583984,244.15560913085938,39.02129364013672,45.514339447021484
2024-02-27,493.3531188964844,432.2747497558594,66.06021881103516,244.8358612060547,39.14371109008789,45.59838104248047
2024-02-28,492.7010803222656,429.9730529785156,66.2071533203125,244.42771911621094,38.54106903076172,45.355587005615234
2024-02-29,494.4722595214844,433.6576232910156,66.31734466552734,245.45777893066406,38.62581253051758,45.45831298828125
2024-03-01,499.11456298828125,440.18719482421875,66.59541320800781,247.71240234375,39.14371109008789,45.94389343261719
2024-03-04,498.5793151855469,438.61651611328125,66.43888092041016,247.4694366455078,38.98363494873047,45.82249450683594
2024-03-05,493.5964050292969,430.74359130859375,66.79801940917969,244.84555053710938,38.71997833251953,45.71044158935547
2024-03-06,496.09759521484375,433.4501953125,66.91773223876953,246.2935791015625,39.200218200683594,46.26138687133789
2024-03-07,501.02203369140625,440.0291748046875,67.02820587158203,248.69390869140625,39.38854217529297,46.793670654296875
2024-03-08,498.0148010253906,433.6774597167969,67.09269714355469,247.255615234375,39.3226203918457,46.66292953491211
2024-03-11,497.5865783691406,432.0672912597656,67.06504821777344,246.8572235107422,39.42620086669922,46.429481506347656
2024-03-12,502.9393005371094,438.260986328125,66.86248016357422,249.2964324951172,39.76519012451172,46.78432846069336
2024-03-13,502.1510009765625,434.8924865722656,66.75196838378906,248.98544311523438,39.53919982910156,46.793670654296875
2024-03-14,501.1582946777344,433.7959289550781,66.35599517822266,248.02337646484375,39.3226203918457,46.48550796508789
2024-03-15,497.717041015625,428.6395263671875,66.31916046142578,246.55593872070312,39.20857238769531,46.44511795043945
2024-03-18,500.6750793457031,432.72760009765625,66.23631286621094,247.80955505371094,39.29340362548828,46.45451736450195
2024-03-19,503.4573974609375,433.80572509765625,66.41123962402344,249.23812866210938,39.1331787109375,46.5296516418457
2024-03-20,508.1139831542969,438.94921875,66.53097534179688,251.76483154296875,39.4442024230957,47.036834716796875
2024-03-21,509.7931823730469,441.0264587402344,66.58621215820312,252.8046112060547,39.47248077392578,47.06502151489258
2024-03-22,508.82666015625,441.5308837890625,66.80723571777344,252.0937042236328,39.21799850463867,46.90534591674805
2024-03-25,507.4208984375,439.9284973144531,66.67829895019531,251.528076171875,39.21799850463867,46.839595794677734
2024-03-26,506.4836730957031,438.504150390625,66.73355865478516,251.0794677734375,39.1331787109375,46.90534591674805
2024-03-27,510.7400817871094,439.99774169921875,66.9637680053711,253.293212890625,39.236854553222656,47.215293884277344
2024-03-28,510.64251708984375,439.1866760253906,66.88088989257812,253.45896911621094,39.36880111694336,47.121368408203125
2024-04-01,509.7541198730469,440.116455078125,66.42462158203125,253.2639617919922,39.529029846191406,46.93352508544922
2024-04-02,506.5130615234375,436.318115234375,66.35073852539062,250.92340087890625,39.660987854003906,46.64236068725586
2024-04-03,507.0694580078125,437.29742431640625,66.39693450927734,251.3135223388672,39.717533111572266,46.89595413208008
2024-04-04,500.8800964355469,430.61083984375,66.53547668457031,248.3000946044922,39.57616424560547,46.520259857177734
2024-04-05,506.11273193359375,435.6850891113281,66.20296478271484,250.80638122558594,39.69868469238281,46.6893196105957
2024-04-08,506.39581298828125,435.813720703125,66.14755249023438,251.09898376464844,39.9437370300293,46.91474151611328
2024-04-09,506.98162841796875,437.426025390625,66.38768768310547,251.4597930908203,40.29246520996094,46.92413330078125
2024-04-10,501.90509033203125,433.6079406738281,65.61186981201172,248.65118408203125,39.8494873046875,46.219703674316406
2024-04-11,505.6929016113281,440.53179931640625,65.61186981201172,250.3383331298828,39.981441497802734,46.388763427734375
2024-04-12,498.71282958984375,433.5090026855469,65.75965118408203,246.72999572753906,39.20857238769531,45.581024169921875
2024-04-15,492.4649353027344,426.3773193359375,65.3255844116211,243.6970672607422,38.963523864746094,45.421356201171875
2024-04-16,491.5667419433594,426.41693115234375,65.15930938720703,242.96566772460938,38.48284912109375,44.94234848022461
2024-04-17,488.6575622558594,421.2140197753906,65.47334289550781,241.54183959960938,38.54882049560547,44.970523834228516
2024-04-18,487.65203857421875,418.81048583984375,65.29784393310547,241.04449462890625,38.652488708496094,44.92356491088867
2024-04-19,483.3956298828125,410.1456298828125,65.3809814453125,239.1525421142578,38.53939437866211,44.951744079589844
2024-04-22,487.8472595214844,414.270263671875,65.40868377685547,241.50282287597656,38.8692741394043,45.44013977050781
2024-04-23,493.6363525390625,420.45245361328125,65.52877044677734,244.3797149658203,39.189727783203125,45.900360107421875
2024-04-24,493.4020690917969,421.8768310546875,65.36249542236328,244.43821716308594,39.312252044677734,45.76887512207031
2024-04-25,491.5276794433594,419.8391418457031,65.17779541015625,243.27774047851562,39.43478012084961,45.57164001464844
2024-04-26,496.18438720703125,426.3179626464844,65.3255844116211,245.5402374267578,39.88719177246094,45.909759521484375
2024-04-29,497.94158935546875,428.04901123046875,65.51953125,246.50570678710938,40.283042907714844,46.163352966308594
2024-04-30,490.0535888671875,419.9775695800781,65.27014923095703,242.4488067626953,39.74580764770508,45.51527786254883
2024-05-01,488.4623107910156,416.94097900390625,65.50543975830078,241.8441619873047,39.792938232421875,45.458927154541016
2024-05-02,493.0310974121094,422.2625427246094,65.76483154296875,244.3504638671875,40.763729095458984,46.12578582763672
2024-05-03,499.14239501953125,430.74932861328125,66.09832763671875,247.24688720703125,41.121883392333984,46.548439025878906
2024-05-06,504.2969970703125,435.4675598144531,66.16319274902344,249.8994598388672,41.04648208618164,46.91474151611328
2024-05-07,504.8534240722656,435.5367736816406,66.29288482666016,250.12376403808594,40.75429916381836,46.98048782348633
2024-05-08,504.90216064453125,435.279541015625,66.13538360595703,249.94818115234375,40.71659851074219,46.93352508544922
2024-05-09,507.81134033203125,436.2291259765625,66.31141662597656,251.42079162597656,40.876827239990234,47.28104782104492
2024-05-10,508.465576171875,437.25787353515625,66.12615203857422,251.65481567382812,40.96165466308594,47.29981994628906
2024-05-13,508.5338134765625,438.2667236328125,66.18173217773438,251.7913818359375,41.282100677490234,47.290435791015625
2024-05-14,510.86700439453125,441.0857849121094,66.37626647949219,253.02017211914062,41.48946762084961,47.61916732788086
2024-05-15,517.193115234375,447.98004150390625,66.80242156982422,256.1311340332031,41.84761428833008,48.09817123413086
2024-05-16,516.12890625,447.0700988769531,66.69125366210938,255.43869018554688,42.007843017578125,47.8257942199707
2024-05-17,516.8709106445312,446.8524475097656,66.52445983886719,255.7995147705078,42.3094482421875,47.99485397338867
2024-05-20,517.4664306640625,449.9682312011719,66.45964050292969,256.0628967285156,42.2151985168457,48.013641357421875
2024-05-21,518.7354736328125,450.84857177734375,66.59860229492188,256.5894470214844,41.97014236450195,47.938507080078125
2024-05-22,517.2418823242188,450.75958251953125,66.51522064208984,255.7214813232422,41.84761428833008,47.487674713134766
2024-05-23,513.4638061523438,448.7318420410156,66.32066345214844,253.5467529296875,41.52716064453125,47.22468185424805
2024-05-24,516.8612060546875,452.9752197265625,66.3947982788086,255.3802032470703,41.65911102294922,47.60976791381836
2024-05-28,517.2222900390625,454.6864013671875,66.0798110961914,255.3802032470703,41.5460090637207,47.61916732788086
2024-05-29,513.6005249023438,451.4815979003906,65.83895874023438,253.28346252441406,41.02762985229492,46.80202865600586
2024-05-30,510.1933898925781,446.64471435546875,66.12615203857422,252.0449676513672,40.95222854614258,47.22468185424805
2024-05-31,514.8402709960938,445.8138732910156,66.36699676513672,253.985595703125,40.60349655151367,47.6379508972168
2024-06-03,515.2601928710938,448.2076416015625,66.7377700805664,254.06362915039062,41.00877380371094,47.76004409790039
2024-06-04,515.8361206054688,449.4341125488281,66.9886703491211,254.0343780517578,40.36787033081055,47.61916732788086
2024-06-05,521.9668579101562,458.4945983886719,67.17450714111328,257.14532470703125,40.886253356933594,47.94789123535156
2024-06-06,521.9571533203125,458.33636474609375,67.18379974365234,256.9210205078125,41.07476043701172,48.06999969482422
2024-06-07,521.3225708007812,457.9307861328125,66.64483642578125,256.43341064453125,40.735450744628906,47.47827911376953
2024-06-10,522.9334106445312,459.7804870605469,66.54261779785156,257.2915954589844,40.95222854614258,47.54402160644531
2024-06-11,524.1927490234375,462.93585205078125,66.81209564208984,257.7304382324219,40.857975006103516,47.00865936279297
2024-06-12,528.4979858398438,468.999267578125,67.11875915527344,260.15875244140625,41.17843246459961,47.581600189208984
2024-06-13,529.5621337890625,471.54132080078125,67.41610717773438,260.2757568359375,41.13130569458008,46.91474151611328
2024-06-14,529.8842163085938,473.9844970703125,67.51831817626953,260.0807189941406,41.244407653808594,46.49208450317383
2024-06-17,534.1015625,479.79071044921875,67.26744079589844,262.0604248046875,41.470611572265625,46.66114807128906
2024-06-18,535.4585571289062,479.9390869140625,67.49974060058594,262.72357177734375,41.80049133300781,46.84899139404297
2024-06-20,534.0040283203125,476.2397155761719,67.3696517944336,262.0604248046875,41.7250862121582,46.84899139404297
2024-06-21,533.2880249023438,474.9637451171875,67.38819885253906,261.6606140136719,41.583168029785156,46.537105560302734
2024-06-24,531.5545043945312,469.55645751953125,67.4253921508789,261.2217102050781,41.55478286743164,46.94474411010742
2024-06-25,533.6015625,474.9261169433594,67.46257781982422,262.0799560546875,41.431785583496094,47.01110076904297
2024-06-26,534.2674560546875,475.9069519042969,67.14663696289062,262.0701904296875,41.318241119384766,46.69825744628906
2024-06-27,535.1097412109375,477.1353454589844,67.26744079589844,262.7041015625,41.2993278503418,46.81201934814453
2024-06-28,533.0039672851562,474.6585693359375,66.95149230957031,261.80560302734375,41.40340042114258,46.84993362426758
2024-07-01,534.1009521484375,477.4425048828125,66.59821319580078,262.3340759277344,41.498016357421875,46.88785934448242
2024-07-02,537.6951904296875,482.45550537109375,66.79398345947266,263.8510437011719,41.64939880371094,46.99214172363281
2024-07-03,540.0948486328125,486.477783203125,67.17613220214844,264.9373779296875,42.2643928527832,47.55146026611328
2024-07-05,543.2092895507812,491.5502014160156,67.48372650146484,266.31732177734375,42.25492858886719,47.85481643676758
2024-07-08,543.8360595703125,492.71923828125,67.48372650146484,266.679443359375,42.25492858886719,47.6462516784668
2024-07-09,544.3649291992188,493.145263671875,67.45576477050781,266.6109313964844,42.43470001220703,47.4850959777832
2024-07-10,549.7515869140625,498.2869873046875,67.51167297363281,269.1946105957031,42.605003356933594,48.14869689941406
2024-07-11,545.0113525390625,487.3594970703125,67.84723663330078,267.9908447265625,42.9361572265625,48.33829116821289
2024-07-12,548.448974609375,490.22265625,68.02434539794922,269.76226806640625,43.13485336303711,48.821773529052734
2024-07-15,549.957275390625,491.5403137207031,67.8099594116211,270.9171142578125,42.690155029296875,48.45205307006836
2024-07-16,553.2186279296875,491.728515625,68.07093048095703,273.14849853515625,42.964542388916016,48.7364501953125
2024-07-17,545.4619140625,477.2938537597656,68.13617706298828,269.29248046875,42.340084075927734,48.46152877807617
2024-07-18,541.27001953125,475.03509521484375,67.95909881591797,266.9437255859375,41.97108840942383,47.98753356933594
2024-07-19,537.6756591796875,470.8245544433594,67.78197479248047,265.2799072265625,41.56424331665039,47.70314025878906
2024-07-22,543.2190551757812,477.83880615234375,67.75402069091797,268.0495910644531,41.88593673706055,48.16765594482422
2024-07-23,542.3670043945312,476.15460205078125,67.76335906982422,267.8538513183594,41.45070266723633,47.92117691040039
2024-07-24,530.0755004882812,459.07476806640625,67.56758880615234,261.8251647949219,41.01547622680664,47.32393264770508
2024-07-25,527.313720703125,454.0122375488281,67.71673583984375,260.8172302246094,40.911407470703125,47.03006362915039
2024-07-26,533.2193603515625,458.6685485839844,67.98704528808594,263.93914794921875,41.36555480957031,47.6462516784668
2024-07-29,533.5328369140625,459.58990478515625,68.07093048095703,263.9587097167969,41.2236328125,47.45665740966797
2024-07-30,530.8297119140625,453.2790832519531,68.15483093261719,262.86260986328125,41.1100959777832,47.560935974121094
2024-07-31,539.4581909179688,466.6933288574219,68.52764892578125,266.7577209472656,41.90485763549805,48.262451171875
2024-08-01,531.8189697265625,455.38934326171875,68.78384399414062,262.5787658691406,41.214168548583984,47.03006362915039
2024-08-02,521.9174194335938,444.5806884765625,69.56919860839844,257.2939453125,40.76948547363281,46.20530319213867
2024-08-05,506.7171325683594,431.3249816894531,69.50373077392578,249.73854064941406,39.6435661315918,45.12459182739258
2024-08-06,511.3888244628906,435.4464111328125,69.07365417480469,252.2733154296875,39.91794204711914,45.2004280090332
2024-08-07,507.9707946777344,430.7305603027344,68.90538787841797,250.3453369140625,40.23017501831055,45.41847229003906
2024-08-08,519.7136840820312,443.9070129394531,68.80254364013672,256.20758056640625,41.10063552856445,46.19582748413086
2024-08-09,522.0054931640625,446.2252502441406,69.0456314086914,257.31353759765625,41.204708099365234,46.35698318481445
2024-08-12,522.2796630859375,447.186279296875,69.16716766357422,257.1471252441406,41.38447570800781,46.375938415527344
2024-08-13,530.868896484375,458.2821960449219,69.428955078125,261.4239196777344,41.69670486450195,47.13433837890625
2024-08-14,532.5437622070312,458.4307861328125,69.55982971191406,262.1676940917969,41.431785583496094,47.3144645690918
2024-08-15,541.671630859375,470.01220703125,69.27001190185547,266.7087707519531,41.88593673706055,47.892738342285156
2024-08-16,542.8861694335938,470.6165466308594,69.41960906982422,267.3449401855469,42.321163177490234,48.17713165283203
2024-08-19,548.0767822265625,476.7985534667969,69.50373077392578,269.86993408203125,42.75638961791992,48.7364501953125
2024-08-20,547.1856079101562,475.7979736328125,69.70941925048828,269.21417236328125,42.340084075927734,48.60373306274414
2024-08-21,549.0660400390625,478.0171203613281,69.85902404785156,270.56475830078125,42.53877639770508,49.030330657958984
2024-08-22,544.7566528320312,470.4382019042969,69.57853698730469,268.2746887207031,42.037315368652344,48.68905258178711
2024-08-23,550.544921875,475.5403137207031,69.88706970214844,271.670654296875,42.642852783203125,49.627559661865234
2024-08-26,549.2325439453125,470.92364501953125,69.8122787475586,270.98565673828125,42.36846923828125,49.42848205566406
2024-08-27,549.9866943359375,472.3304748535156,69.8122787475586,271.23028564453125,42.41577911376953,49.61809158325195
2024-08-28,546.7938232421875,466.970703125,69.76551818847656,269.5763244628906,42.14139175415039,49.37160873413086
2024-08-29,546.8427124023438,466.2871398925781,69.6626968383789,269.8405456542969,42.19816589355469,49.50433349609375
2024-08-30,552.06298828125,471.8449401855469,69.52244567871094,272.44384765625,42.311702728271484,49.66548538208008
2024-09-03,540.7020874023438,457.519287109375,69.81877899169922,266.58160400390625,41.6683235168457,48.80281448364258
2024-09-04,539.5952758789062,456.3304748535156,70.12825775146484,265.9845886230469,41.64939880371094,48.65113067626953
2024-09-05,538.2828979492188,456.75653076171875,70.29705810546875,265.1625061035156,41.762935638427734,48.660614013671875
2024-09-06,529.2235717773438,444.5212707519531,70.38146209716797,260.7584228515625,41.15740203857422,47.75053405761719
2024-09-09,535.1488647460938,450.2376403808594,70.4752426147461,263.54766845703125,41.44124221801758,48.262451171875
2024-09-10,537.4797973632812,454.398681640625,70.7096939086914,264.5752868652344,41.34663391113281,48.072853088378906
2024-09-11,542.9938354492188,464.2660827636719,70.67218017578125,267.2079162597656,41.602088928222656,48.3477783203125
2024-09-12,547.5675048828125,468.8233642578125,70.59716796875,269.4294738769531,41.87647247314453,48.78384780883789
2024-09-13,550.4273071289062,470.92364501953125,70.74720764160156,271.3085632324219,42.06570053100586,48.916568756103516
2024-09-16,551.240234375,468.8431396484375,70.93476104736328,271.8468017578125,42.2265510559082,49.30524826049805
2024-09-17,551.4654541015625,469.0908508300781,70.84097290039062,272.1208801269531,42.27385330200195,49.06824493408203
2024-09-18,549.8299560546875,467.0599060058594,70.62529754638672,271.435791015625,42.122474670410156,48.89760971069336
2024-09-19,559.2125244140625,478.8691101074219,70.62529754638672,276.0355224609375,43.00238800048828,49.836124420166016
2024-09-20,558.2457885742188,477.9577331542969,70.61590576171875,275.4581604003906,42.977718353271484,49.38364028930664
2024-09-23,559.6408081054688,479.224609375,70.56903839111328,276.1432189941406,43.328826904296875,49.5832633972168
2024-09-24,561.2421264648438,481.53619384765625,70.6534194946289,276.8381042480469,44.837646484375,49.887454986572266
2024-09-25,560.0042114257812,481.9826354980469,70.39082336425781,275.92791748046875,44.38215637207031,49.573760986328125
2024-09-26,562.2245483398438,485.6037902832031,70.39082336425781,277.16107177734375,45.796077728271484,50.67646026611328
2024-09-27,561.4090576171875,482.9052734375,70.59716796875,276.88714599609375,45.78659439086914,50.362754821777344
2024-09-30,563.6588134765625,484.2148742675781,70.43772888183594,277.9768371582031,45.40701675415039,50.20115661621094
2024-10-01,558.6093139648438,477.4685363769531,70.64559173583984,275.44403076171875,45.74863052368164,49.84943389892578
2024-10-02,558.8450927734375,478.14324951171875,70.51390838623047,275.5029602050781,46.69757843017578,49.763877868652344
2024-10-03,557.8234252929688,477.7860412597656,70.20352935791016,274.9139709472656,45.995361328125,49.29808807373047
2024-10-04,562.8925170898438,483.47076416015625,69.74266052246094,277.5743713378906,46.555240631103516,49.592769622802734
2024-10-07,557.8037719726562,478.2919921875,69.53572845458984,275.04156494140625,46.963287353515625,49.317108154296875
2024-10-08,563.0792236328125,485.43511962890625,69.6391830444336,277.3584289550781,45.58731460571289,49.24104690551758
2024-10-09,566.9793090820312,489.2547302246094,69.45105743408203,279.2923278808594,45.27416229248047,49.26005935668945
2024-10-10,565.9871215820312,488.6991882324219,69.4228744506836,278.7131042480469,45.36906051635742,49.17450714111328
2024-10-11,569.3763427734375,489.46307373046875,69.43225860595703,280.8728332519531,45.69169998168945,49.421669006347656
2024-10-14,574.032958984375,493.57037353515625,69.38523864746094,283.06201171875,45.47344207763672,49.52622985839844
2024-10-15,569.5728759765625,486.9728698730469,69.65800476074219,281.11822509765625,44.56245422363281,48.82278823852539
2024-10-16,572.0484619140625,487.03240966796875,69.75205993652344,282.55157470703125,44.97998809814453,49.012908935546875
2024-10-17,572.0975952148438,487.3697204589844,69.41346740722656,282.4925842285156,44.837646484375,48.993892669677734
2024-10-18,574.2981567382812,490.5643005371094,69.45105743408203,283.6019592285156,45.388038635253906,49.26957321166992
2024-10-21,573.3551025390625,491.5068054199219,68.98078918457031,282.7086181640625,45.065399169921875,48.708717346191406
2024-10-22,573.050537109375,492.0425109863281,69.00902557373047,282.3846130371094,45.008460998535156,48.46155548095703
2024-10-23,567.8142700195312,484.5025329589844,68.83972930908203,279.8322448730469,44.72377395629883,47.99576950073242
2024-10-24,569.0423583984375,488.4312744140625,68.95256042480469,280.5783386230469,44.676326751708984,48.1668701171875
2024-10-25,568.8458862304688,491.4075927734375,68.8115005493164,280.3132629394531,44.638370513916016,48.01477813720703
2024-10-28,570.6044311523438,491.4869384765625,68.72685241699219,281.45208740234375,44.78070831298828,48.36650085449219
2024-10-29,571.5277709960938,496.2093200683594,68.78327178955078,281.8250732421875,44.609901428222656,48.20489501953125
2024-10-30,569.798828125,492.4591979980469,68.71743774414062,281.1280517578125,44.287261962890625,47.967247009277344
2024-10-31,558.62890625,480.0281982421875,68.7080307006836,275.88580322265625,44.19236755371094,47.62502670288086
2024-11-01,560.9866943359375,483.57989501953125,68.44197082519531,277.06390380859375,44.20185852050781,47.72959518432617
2024-11-04,559.7783203125,482.171142578125,68.71558380126953,276.56317138671875,44.34419250488281,47.796138763427734
2024-11-05,566.5470581054688,488.3221435546875,68.88540649414062,280.07763671875,44.98948287963867,48.299957275390625
2024-11-06,580.6345825195312,501.5865478515625,68.31930541992188,287.9115905761719,44.56245422363281,47.68206787109375
2024-11-07,585.1240844726562,509.48358154296875,68.82880401611328,289.9241027832031,45.53037643432617,48.40452194213867
2024-11-08,587.65869140625,510.07891845703125,68.96089935302734,291.27880859375,44.4011344909668,47.76762008666992
2024-11-11,588.2186279296875,509.7813720703125,68.82880401611328,292.0936279296875,44.144920349121094,47.74861145019531
2024-11-12,586.3914794921875,508.8586730957031,68.41365814208984,290.9450378417969,43.3952522277832,46.969120025634766
2024-11-13,586.6763305664062,508.203857421875,68.38536071777344,290.8076171875,43.16750717163086,46.70294952392578
2024-11-14,582.9039916992188,504.6719970703125,68.3664779663086,288.6576843261719,42.90180206298828,46.740970611572266
2024-11-15,575.4378051757812,492.647705078125,68.38536071777344,284.9959411621094,42.8163948059082,46.60789108276367
2024-11-18,577.7954711914062,496.0704650878906,68.45140838623047,286.15435791015625,43.1769905090332,46.92158889770508
2024-11-19,579.9075927734375,499.4833068847656,68.57405090332031,287.4698181152344,43.2434196472168,46.86455154418945
2024-11-20,580.1041259765625,499.1955871582031,68.49857330322266,287.6366882324219,43.23393249511719,46.73147201538086
2024-11-21,583.2182006835938,500.9913024902344,68.4608383178711,289.649169921875,43.08209991455078,46.84553909301758
2024-11-22,585.0259399414062,501.7948913574219,68.48914337158203,291.08245849609375,43.09158706665039,47.05467224121094
2024-11-25,587.0103149414062,502.58856201171875,69.12129211425781,292.5059509277344,43.11056900024414,47.28282165527344
2024-11-26,590.0753784179688,505.2870788574219,68.99862670898438,293.5759582519531,42.88282012939453,46.99763107299805
2024-11-27,588.2874755859375,501.3087463378906,69.18731689453125,292.7415466308594,43.04414367675781,47.244789123535156
2024-11-29,591.9419555664062,505.7136535644531,69.44209289550781,294.37109375,43.2434196472168,47.81515121459961
2024-12-02,593.0029296875,511.2198181152344,69.48277282714844,294.9306945800781,43.46167755126953,47.8626823425293
2024-12-03,593.2780151367188,512.7872924804688,69.3218994140625,294.9306945800781,43.6419792175293,48.06230926513672
2024-12-04,596.9620361328125,519.126953125,69.5584945678711,296.91375732421875,43.708404541015625,48.07181167602539
2024-12-05,595.9796142578125,517.6883544921875,69.56795501708984,296.089111328125,43.99308776855469,48.29045104980469
2024-12-06,597.109375,522.3214111328125,69.75723266601562,296.91375732421875,44.01206588745117,48.223907470703125
2024-12-09,594.034423828125,518.2538452148438,69.54903411865234,295.0190124511719,45.084373474121094,48.109840393066406
2024-12-10,592.1875,516.4878540039062,69.47331237792969,293.90972900390625,44.24930191040039,47.758113861083984
2024-12-11,596.7655029296875,525.7341918945312,69.3218994140625,296.2756042480469,44.32521438598633,48.10032653808594
2024-12-12,593.6906127929688,522.3413696289062,69.04743957519531,294.5870666503906,44.05950927734375,47.63454055786133
2024-12-13,593.5728149414062,526.3394775390625,68.7729721069336,294.4398498535156,44.0784912109375,47.51095962524414
2024-12-16,596.1072998046875,533.9190673828125,68.84870910644531,295.6375427246094,43.85074234008789,47.31133270263672
2024-12-17,593.6512451171875,531.56787109375,68.85816955566406,294.1748046875,43.746360778808594,47.197261810302734
2024-12-18,575.9583740234375,512.3905029296875,68.3187484741211,285.0744934082031,42.73099136352539,46.02802276611328
2024-12-19,575.7815551757812,510.1086730957031,68.12946319580078,284.6720275878906,42.911293029785156,45.91394805908203
2024-12-20,582.697265625,514.563232421875,68.3376693725586,287.9115905761719,43.150367736816406,45.89754867553711
2024-12-23,586.1865844726562,519.5764770507812,68.11998748779297,289.54742431640625,43.335018157958984,46.16770553588867
2024-12-24,592.7020874023438,526.621826171875,68.21778869628906,292.6201477050781,43.509952545166016,46.35102844238281
2024-12-26,592.7415771484375,526.2639770507812,68.26526641845703,292.78759765625,43.40304946899414,46.53434371948242
2024-12-27,586.5020141601562,519.2683715820312,68.12284088134766,289.6163330078125,43.24755096435547,46.4185676574707
2024-12-30,579.80908203125,512.3621215820312,68.3886947631836,286.4156188964844,42.8685302734375,46.129112243652344
2024-12-31,577.6997680664062,508.0097961425781,68.2747573852539,285.4208679199219,42.80049514770508,46.138763427734375
